videoID,label
2459MkKf,ZX2
6374nsMS,ZX2
8941Rura,ZX2
3602kdQM,ZX2
0181ITgo,ZX2
3842gXCN,ZX2
3409mSZb,ZX2
3706MHOg,ZX2
5072VJpZ,ZX2
2459YZRV,ZX2
3682CwSw,ZX2
2533FKji,ZX2
7126rKPA,ZX2
3758IrSz,ZX2
2327JfEP,ZX2
2380bfgH,ZX2
9016QswH,ZX2
3017NQiX,ZX2
2032XprE,ZX2
7398LdUd,ZX2
0039DNKh,ZX2
2087PdxY,ZX2
1150Kfor,ZX2
7862KfAs,ZX2
2847NnVn,ZX2
6825Trnh,ZX2
4434NCTh,ZX2
0969dHSL,ZX2
8384OXav,ZX2
0102nPNI,ZX2
4526rjRR,ZX2
4970UxAm,ZX2
5635ooVQ,ZX2
5146VDyh,ZX2
4563mxCx,ZX2
9513KXdQ,ZX2
2710DLoM,ZX2
7544IFHq,ZX2
9685bbga,ZX2
0489DbuZ,ZX2
5355PdIY,ZX2
8543gEud,ZX2
7910kCzr,ZX2
6790nKof,ZX2
3316Ccgd,ZX2
8511lGHV,ZX2
6872PdJH,ZX2
4102OttJ,ZX2
9021JGeD,ZX2
9216yGGt,ZX2
0063YoQc,ZX2
6670acPV,ZX2
6371QQqL,ZX2
8973ifTG,ZX2
9543jmdM,ZX2
9711QeZw,ZX2
1599qhRN,ZX2
4234oqjk,ZX2
8689wmiD,ZX2
3081CyfX,ZX2
4003PfDj,ZX2
6442cJac,ZX2
5200YWJx,ZX2
4025djoE,ZX2
5487QFim,ZX2
1778ghYf,ZX2
7221awUx,5DO
8312JhDl,5DO
6169Ukrp,5DO
0621iJTQ,5DO
1167QgwF,5DO
3808RCBC,5DO
3148GIWJ,5DO
1032otjd,5DO
8431uhPt,5DO
8692ewMR,5DO
8008YdkH,5DO
8514dfbO,5DO
4675zKbt,5DO
6338JcNe,5DO
3943yLjZ,5DO
8447QRTX,5DO
0508nRRZ,5DO
3666hylE,5DO
5869slCn,5DO
6214UDAG,5DO
9781yLmv,5DO
1607UlQf,5DO
1307Avqp,5DO
0280OhUQ,5DO
4795RGPb,5DO
5733wNYT,5DO
1986iJoA,5DO
1141RPBs,5DO
0544fenD,5DO
6103VJck,5DO
8576sEfK,5DO
9527xWox,5DO
1607zyQZ,5DO
7003EHRz,5DO
1524DYBZ,5DO
0564Znar,5DO
1673eDvB,5DO
2821OXpT,5DO
1854GSrh,5DO
6475NmXb,5DO
7269GEEg,5DO
3030SPLJ,5DO
8542GOnW,5DO
3388KDHj,5DO
0753uilw,5DO
2901WmEg,5DO
7075HzFD,5DO
4212hJYs,5DO
7308nVdf,5DO
9612fnmm,5DO
5243kXTS,5DO
2662vqZF,5DO
1355ztJc,5DO
2255fdSL,5DO
3408Aths,5DO
0239THjm,5DO
2105Lnho,5DO
2914kpcy,5DO
2589iJYt,5DO
2726WQaO,5DO
3247QZHk,5DO
1872muIm,5DO
0711nWhj,5DO
3173lzKQ,5DO
6717ARRK,5DO
8550EVMK,5DO
9793gThq,1HI
5716cuMH,1HI
9627SZCf,1HI
7694vbOu,1HI
0209IYUd,1HI
7647HFfk,1HI
8265SUUS,1HI
5419Gobp,1HI
3647WuJw,1HI
2578nVPK,1HI
3105xUgq,1HI
3941Jcza,1HI
4323KfpS,1HI
7965kkep,1HI
8329dVSW,1HI
5041gYAg,1HI
8840iOcI,1HI
6504Qjoz,1HI
3627AVOf,1HI
8182HGug,1HI
7820PUod,1HI
1928EcrH,1HI
1382vKrG,1HI
1740uRCn,1HI
9338yOVp,1HI
0857bFrJ,1HI
6418xDcN,1HI
8378Dnyb,1HI
2426UzDX,1HI
8605pEgs,1HI
8782uati,1HI
7719Gvvg,1HI
4031RldW,1HI
6182Kybx,1HI
5089FlEA,1HI
2205LRSH,1HI
3384GUQU,1HI
2896bMqz,1HI
3559nTEh,1HI
7438Evsi,1HI
6535siOo,1HI
6498lxix,1HI
5214AWTt,1HI
5509XoSY,1HI
2897IyuT,1HI
8178GHhR,1HI
3404xNKC,1HI
3753iLJz,1HI
8407QKkZ,1HI
7949kGsU,1HI
1521JRuP,1HI
6776xRDs,1HI
7514lWoX,1HI
6200eyKC,1HI
9583oANR,1HI
6969yoHv,1HI
5472JPlj,1HI
8034Fint,1HI
7741EBhH,1HI
2405kafG,1HI
7186AXHh,1HI
2056JTTu,1HI
4009NWru,1HI
7379fYRJ,1HI
6932lptM,1HI
2383TUjI,1HI
1852usuZ,Yi3
4245buDu,Yi3
3959vUce,Yi3
9445iXbS,Yi3
9669cTzh,Yi3
4802iKcC,Yi3
3554QElj,Yi3
1161Ukny,Yi3
2821mveC,Yi3
2117lvAS,Yi3
1756EAFk,Yi3
4432vfZq,Yi3
8539QmOh,Yi3
9630MbBF,Yi3
5120MRNO,Yi3
3502vJHB,Yi3
5839qbDQ,Yi3
1057LMkZ,Yi3
6649vndy,Yi3
3886njjL,Yi3
3187AomX,Yi3
2633BOxe,Yi3
3049HavD,Yi3
6186GQlw,Yi3
0483CqEY,Yi3
5997IDsF,Yi3
2348IHUG,Yi3
8832ULaS,Yi3
9993FPKE,Yi3
9542FteX,Yi3
4467pJww,Yi3
6417Qdkj,Yi3
3256Gell,Yi3
3272KXPJ,Yi3
6791bvwX,Yi3
3359vWJN,Yi3
2628xNwP,Yi3
8714IjCx,Yi3
4815rLUK,Yi3
0986hAGv,Yi3
8639hxqC,Yi3
9056dllY,Yi3
0858FpuY,Yi3
1277ouZI,Yi3
1068FvlD,Yi3
9407icBy,Yi3
4059yBAh,Yi3
3295vNvu,Yi3
5580zZsy,Yi3
9388Qcwy,Yi3
4266Xxhq,Yi3
4887rZtL,Yi3
8870IPzw,Yi3
9163HiUH,Yi3
9551Dona,Yi3
3201HnHS,Yi3
8143ewrn,Yi3
3692hwJI,Yi3
2947PQbF,Yi3
2684BsKT,Yi3
5851FuvB,Yi3
1458vMld,Yi3
5865nRIW,Yi3
1507tMGV,Yi3
0560UiVJ,Yi3
2290TjmH,Yi3
3008IwqN,Ucw
0046BlIC,Ucw
3845ZOvS,Ucw
2844ZbLO,Ucw
7921gayG,Ucw
9913qtaC,Ucw
0965rzKk,Ucw
0009udbU,Ucw
9358WBqr,Ucw
8930zCxi,Ucw
4094wHXc,Ucw
1155XNgU,Ucw
8901ceiC,Ucw
7068xDny,Ucw
7146ldRr,Ucw
3285rSIh,Ucw
1225Hfnz,Ucw
4985EISH,Ucw
7136Cipd,Ucw
0527IIWR,Ucw
6133sjEs,Ucw
7699ymyL,Ucw
7257FLiC,Ucw
7344qEpc,Ucw
7627wRoe,Ucw
3612oDbz,Ucw
0531UZRr,Ucw
0861wzyJ,Ucw
2462aRmV,Ucw
7107QDwl,Ucw
9187QLCI,Ucw
2550LdKX,Ucw
0754JWaZ,Ucw
1561fvEV,Ucw
4608IvMG,Ucw
7997kOeW,Ucw
0233xMOw,Ucw
1314kRxD,Ucw
8835OdjK,Ucw
6417miwb,Ucw
1193cfxo,Ucw
8868zhBp,Ucw
6201SMyd,Ucw
6903Cvgc,Ucw
5775qPil,Ucw
6304vNSe,Ucw
1176JZMQ,Ucw
9012vwHh,Ucw
9133IaML,Ucw
9862UBWz,Ucw
1732zQbB,Ucw
1262VGdp,Ucw
1932uWDe,Ucw
7832gvEl,Ucw
2404cLwv,Ucw
5733VdYQ,Ucw
2694JBac,Ucw
6313lLRY,Ucw
2064pabU,Ucw
7709qRsR,Ucw
6963Acbc,Ucw
9404EEqO,Ucw
1915VUhS,Ucw
6476LKZl,Ucw
9466voYl,Ucw
4901mOjf,Ucw
7218PzDT,aft
8229iKGF,aft
0401hMnL,aft
5784PjWw,aft
0720gkLI,aft
2154GJIc,aft
9641sZdg,aft
4827lcOc,aft
5621PPhC,aft
0751Lyzg,aft
4130ARfO,aft
5079Ifrv,aft
2244fwGk,aft
9967gBbX,aft
2676XThG,aft
8878PypN,aft
3179mklA,aft
8751hUEG,aft
9558VpUt,aft
1787aZiM,aft
5981MukF,aft
1215qdmt,aft
2880PuqX,aft
1465ldxW,aft
2613nVWr,aft
2774jSqf,aft
4978AtSA,aft
3572VXAI,aft
3911IPhT,aft
0408KQPK,aft
3831ZlfB,aft
7561meGh,aft
1553cYjt,aft
1636scEB,aft
9071jEgo,aft
9560SANM,aft
3914BzWQ,aft
2438HRJL,aft
7122VYTW,aft
7892JjQX,aft
6084WEGj,aft
6142PEpW,aft
1818yEsL,aft
9302wNAg,aft
2022pwhz,aft
8442mGvW,aft
4695zafk,aft
4440LBwz,aft
2890RcTi,aft
3034aqFM,aft
6616fIeT,aft
8050SzbS,aft
3468ZFfN,aft
5220OsCH,aft
6525GPTk,aft
1088leEx,aft
2749OvVx,aft
9263SMEj,aft
7188jEXB,aft
5211hLvY,aft
7649uidJ,aft
0568ardC,aft
3224iUYD,aft
7480LOsV,aft
9197HNQi,aft
0193CAsr,aft
0177tNBL,Q3W
8158JfUG,Q3W
5750afPF,Q3W
8103otCU,Q3W
5041OOeg,Q3W
7664COKC,Q3W
8483RIqc,Q3W
4286kVwU,Q3W
7671tfhD,Q3W
8941OLlO,Q3W
7507Ngjm,Q3W
2494qmUd,Q3W
9048IxtK,Q3W
9634qNTh,Q3W
1763EPXn,Q3W
1175Zhvd,Q3W
8461lhdY,Q3W
8483iMSa,Q3W
4005UtfM,Q3W
2555youc,Q3W
1675mDJZ,Q3W
1491SbcU,Q3W
2533lWlo,Q3W
9264MBCs,Q3W
9113xtlr,Q3W
7444KuxW,Q3W
8593FpEO,Q3W
2513wwsb,Q3W
8170Yxgs,Q3W
5760kjQB,Q3W
1452wdMl,Q3W
7990HhNg,Q3W
4423TGQo,Q3W
0333kVtK,Q3W
7559FtwQ,Q3W
6842Apwx,Q3W
3724ECjL,Q3W
7160LYZY,Q3W
9279mQrb,Q3W
9341mCCZ,Q3W
8956Egqr,Q3W
6683MenZ,Q3W
3929Qcdl,Q3W
7400zjUC,Q3W
3785uoFB,Q3W
8552NmDd,Q3W
9241finr,Q3W
6762nxjr,Q3W
3970revD,Q3W
2667pTdi,Q3W
8715icbh,Q3W
5352doqk,Q3W
3889nxvr,Q3W
3965uzxM,Q3W
3402hVyQ,Q3W
5379aImL,Q3W
9739rBwo,Q3W
6482LRMq,Q3W
1464rJax,Q3W
1649liCp,Q3W
6324NufY,Q3W
2925FIzb,Q3W
1407JMFT,Q3W
2564PZbU,Q3W
5883RsdB,Q3W
4471PKgK,Q3W
2893LILy,LM0
8559guqb,LM0
9074XSCA,LM0
8064LVCo,LM0
4648PIeb,LM0
0047PFls,LM0
6765OzrU,LM0
3874aeqn,LM0
7961iFLs,LM0
5855vYqO,LM0
0325tuHL,LM0
8215EuuT,LM0
9462HLjs,LM0
5973QXeT,LM0
8151tyas,LM0
1641FWRj,LM0
6705pltg,LM0
1384ryhq,LM0
9636QvMk,LM0
7853yWgy,LM0
9473FIOV,LM0
2956Uhkh,LM0
1920vjGf,LM0
6506LvZr,LM0
1242ksdW,LM0
2919GhUn,LM0
6781PMej,LM0
9896WtiZ,LM0
0199xNuq,LM0
4083AqqC,LM0
7360Lair,LM0
1874tCaX,LM0
4701NydZ,LM0
9528PZnm,LM0
6085GAOC,LM0
2681FyzV,LM0
7968InKS,LM0
4774RuPL,LM0
6106ezWC,LM0
1663yFgn,LM0
2787xeJs,LM0
3639RghN,LM0
1324FPcS,LM0
4956HFFg,LM0
3030zPEY,LM0
2090GNXO,LM0
7918UCrj,LM0
1671hkck,LM0
8352XRWO,LM0
1226iFki,LM0
8014sjMN,LM0
0833GePu,LM0
7648IMXz,LM0
9994cfXq,LM0
5328tDHx,LM0
5565lECU,LM0
9786dGzD,LM0
1867ajhj,LM0
3074zCgv,LM0
0389OxNM,LM0
1631ORZM,LM0
6765Mray,LM0
7202AAVZ,LM0
1857kpFL,LM0
5226sjPH,LM0
6174VxZU,LM0
5449zHhm,6kh
2853pQNj,6kh
4273oaWI,6kh
6258izvw,6kh
7323FdhN,6kh
2165Quhy,6kh
2795YrlD,6kh
8585jcYH,6kh
5216zuqv,6kh
8923ppWX,6kh
0648AdMO,6kh
9994cZar,6kh
3113dEff,6kh
6818FHzQ,6kh
8085LCCm,6kh
0150FjTg,6kh
8483Epxv,6kh
3054iYQv,6kh
6761kuwG,6kh
0880EGKx,6kh
2326PeOz,6kh
2210tkdM,6kh
8342ESok,6kh
1000rzML,6kh
0231Zbzn,6kh
2011pQSt,6kh
0506RMnF,6kh
6944XfAq,6kh
7497grSL,6kh
7186DPUd,6kh
7499NKve,6kh
1183JLYq,6kh
4480NBIz,6kh
2187cCge,6kh
3068ALIq,6kh
4194bDNz,6kh
5215Syfp,6kh
2156hvIQ,6kh
8141ZsZz,6kh
8740oVLi,6kh
4383koEH,6kh
5668bsnt,6kh
3589LYan,6kh
8278ygNt,6kh
8761EpZj,6kh
5454BPcg,6kh
9652cGhh,6kh
1083efwg,6kh
2181ZpLH,6kh
2924RZHJ,6kh
1599PcOm,6kh
7503irHT,6kh
6122UPBX,6kh
1025NyPY,6kh
9654zpMJ,6kh
3697IMiQ,6kh
1182XyKF,6kh
2512GORv,6kh
7587EmXx,6kh
2290fEfw,6kh
2244MSru,6kh
2862cEXE,6kh
5151PgrX,6kh
3629wYIq,6kh
9639Obon,6kh
3579jlAa,6kh
7251qOdc,ttZ
8826VgLq,ttZ
9916Hypa,ttZ
4510Tddt,ttZ
8145erIr,ttZ
3342QXsh,ttZ
6433IXZC,ttZ
1242bmpj,ttZ
0490dFrb,ttZ
2708PRtN,ttZ
9504GnJw,ttZ
4000ajGz,ttZ
4414hAGM,ttZ
9253jbkh,ttZ
5915JCYz,ttZ
4823PhHK,ttZ
5561voRL,ttZ
8272yrtG,ttZ
1497Xraq,ttZ
9158tfYA,ttZ
9517iSOu,ttZ
6910iFKc,ttZ
9949qchh,ttZ
2646ELJb,ttZ
9962WgIH,ttZ
3105nIvx,ttZ
8421yGva,ttZ
1500RQnE,ttZ
5142poFR,ttZ
3250GDjv,ttZ
1099Fvdy,ttZ
7459AVCK,ttZ
6203vkop,ttZ
6585udfU,ttZ
8592DYAr,ttZ
7235pJHv,ttZ
1687LOyg,ttZ
0706kugo,ttZ
6571LgDF,ttZ
8354Bxtx,ttZ
1569qFad,ttZ
7939aChR,ttZ
3459lBrs,ttZ
7223efEs,ttZ
7435evBR,ttZ
9190cJaz,ttZ
9651cwOi,ttZ
3582CJuY,ttZ
0789YxEu,ttZ
3650KyCe,ttZ
1955HORb,ttZ
3991GpsG,ttZ
2936OXdQ,ttZ
1114JufO,ttZ
4688qvLp,ttZ
7246bgJh,ttZ
3581AbKp,ttZ
7607VbfD,ttZ
4367SoAz,ttZ
9170JPVR,ttZ
3467tnqD,ttZ
6181aOsx,ttZ
8704xsPa,ttZ
7174OMuQ,ttZ
6203KzRn,ttZ
8666YPfE,ttZ
7566kYpL,uLy
7286rjhm,uLy
5738yzVt,uLy
8506SyWC,uLy
0581irGr,uLy
5397sGpI,uLy
7776pZfR,uLy
3472LIKI,uLy
1828jGXe,uLy
4816fxlo,uLy
3484kirJ,uLy
5940ZFfg,uLy
1271KVgH,uLy
0416qEjR,uLy
2065MrrA,uLy
4245byUk,uLy
0923toJy,uLy
1442ZxuH,uLy
3474BRew,uLy
3820Yjnz,uLy
4944zIty,uLy
6783UWNi,uLy
8793qBRz,uLy
3553hqUC,uLy
0606lYtM,uLy
1632UDrw,uLy
2097WkMR,uLy
0004RAtp,uLy
9316OuUv,uLy
4886OaYI,uLy
4770OhxB,uLy
9408arYq,uLy
4135WTjD,uLy
4802YTTG,uLy
4336JeQW,uLy
7215tZtd,uLy
3312WRES,uLy
5304zrXc,uLy
8170GRQm,uLy
7468MTNN,uLy
8132Ytog,uLy
0027bnyr,uLy
4322PqVY,uLy
6920BvSi,uLy
2164hNXd,uLy
8802xzvy,uLy
3951pGGj,uLy
9853aOOO,uLy
5670dAaQ,uLy
2439dltF,uLy
4586hYli,uLy
5662cbVg,uLy
1220ZLcX,uLy
8248meoo,uLy
2784aKps,uLy
6637HSPZ,uLy
9337moZv,uLy
7136bLzl,uLy
7442lFWg,uLy
7143fBqZ,uLy
1650tIVp,uLy
8807ZgYk,uLy
7245LLSH,uLy
0845zggG,uLy
0792VdIn,uLy
3655SgEZ,uLy
9039QbNG,WP8
1785wEVA,WP8
8138jNyk,WP8
9608vZma,WP8
5888qhkX,WP8
2397FzOU,WP8
5359NKfi,WP8
9022ZDmA,WP8
0416kgmR,WP8
9761ZDhM,WP8
7979roSV,WP8
8617ZPqq,WP8
5807PCBL,WP8
9442gkIk,WP8
1283IYro,WP8
3639jzmT,WP8
9012Slqv,WP8
0075VSVZ,WP8
9327Ovyt,WP8
3130YUvM,WP8
7080gHlv,WP8
2981eENt,WP8
4036vLzJ,WP8
1860dLon,WP8
1390dohg,WP8
8979KGbT,WP8
0794Pwzl,WP8
9921iJgL,WP8
3401Hgqd,WP8
8793ngFk,WP8
4489nVwX,WP8
2563kdhM,WP8
5797EiJL,WP8
8063HWhG,WP8
3753iCEx,WP8
9789dMiW,WP8
3801IMHv,WP8
6331GfsR,WP8
4471QBmf,WP8
7398DXqB,WP8
9261nOCu,WP8
0872HcER,WP8
5806erHI,WP8
8499AsPV,WP8
7687NMHv,WP8
9238RWVQ,WP8
1274Kkqv,WP8
6764aDGG,WP8
1174MbgN,WP8
6911eThU,WP8
7509qiGW,WP8
7186sYHR,WP8
7669cJHF,WP8
7253lJsm,WP8
4775JICw,WP8
7814ddhL,WP8
7970peSV,WP8
8129HbCV,WP8
7723VIDA,WP8
3507ONDG,WP8
3189UtPl,WP8
1090WCCE,WP8
4050QjLC,WP8
3447aZTb,WP8
1074TIry,WP8
0503LilL,WP8
2556wmrd,Z0Z
3423Saqv,Z0Z
1688fBfO,Z0Z
2701uEAY,Z0Z
3391NdAb,Z0Z
3363rdsO,Z0Z
1315Jlsg,Z0Z
1917Eftk,Z0Z
0082YDeV,Z0Z
3715hcTo,Z0Z
2382CWBB,Z0Z
7869eiSh,Z0Z
3097pMFU,Z0Z
8585LnrQ,Z0Z
1935oQIR,Z0Z
3831xiRX,Z0Z
9044iptq,Z0Z
6527hYQF,Z0Z
7048zCor,Z0Z
7915IDdo,Z0Z
9023lZbq,Z0Z
2064mpwB,Z0Z
9370ZouR,Z0Z
7843StBj,Z0Z
6555WbCO,Z0Z
8939IYSa,Z0Z
7397mtdQ,Z0Z
4572sYGy,Z0Z
1051OgUC,Z0Z
4551QOCF,Z0Z
1098upxF,Z0Z
5994Mfgt,Z0Z
8762DaGF,Z0Z
0773HDSM,Z0Z
2067VfKG,Z0Z
2376MuYK,Z0Z
9042Nlqh,Z0Z
9295rloj,Z0Z
5435WkiC,Z0Z
7204MlIH,Z0Z
2383YCHS,Z0Z
6727JiEc,Z0Z
5526CwvZ,Z0Z
8641tobm,Z0Z
3765pJru,Z0Z
3078wZiK,Z0Z
3704YNPv,Z0Z
2779hFfG,Z0Z
7929qnWI,Z0Z
9105gvOF,Z0Z
8631dSha,Z0Z
7382gKhb,Z0Z
9370yPmG,Z0Z
6775bZXD,Z0Z
5925jmsC,Z0Z
8522Mdws,Z0Z
5776OQJs,Z0Z
1201BVMN,Z0Z
9038DdYg,Z0Z
3987cjjG,Z0Z
8627VAvG,Z0Z
1311rXMB,Z0Z
8789rUcy,Z0Z
8276bMAE,Z0Z
1368pYwN,Z0Z
7769NqEL,Z0Z
6506jTeK,5i0
1687yXVv,5i0
2153SizJ,5i0
8079oFJM,5i0
7732nTba,5i0
8060gFAG,5i0
6580ghJB,5i0
0310AwEU,5i0
4089xexA,5i0
6484Fmkn,5i0
0974IsSn,5i0
2376GxGO,5i0
5866wQbC,5i0
0058aPzs,5i0
2895OHmk,5i0
8744qAND,5i0
3491ymJM,5i0
2468cbxS,5i0
5059WkRi,5i0
2264qplV,5i0
0652LGMi,5i0
8874xRfO,5i0
3722iVWj,5i0
8265fAIc,5i0
4772ybat,5i0
7433mHyE,5i0
4845CEEo,5i0
2885myth,5i0
0030hRvv,5i0
2931KLDW,5i0
0015BYGE,5i0
0883CpKX,5i0
3371FVMz,5i0
2544zPKf,5i0
8179cEEN,5i0
2312ltxj,5i0
5631Aaxz,5i0
3468usDr,5i0
1969XsPh,5i0
6331KlKe,5i0
9968FuZf,5i0
6007zYmA,5i0
0951Fbhk,5i0
7677aAmz,5i0
2929Wtyw,5i0
5010mjFI,5i0
7949kgFk,5i0
8045FJWb,5i0
9358yQaR,5i0
2695rahm,5i0
0598mxIh,5i0
1230IkHE,5i0
4864XGap,5i0
3861MESL,5i0
4257snka,5i0
3464igHk,5i0
1380fGvJ,5i0
8815FyCE,5i0
5266DhwM,5i0
2559HLHw,5i0
0262jLOT,5i0
5806NunM,5i0
6542ljwP,5i0
6380KLjj,5i0
5620WSCB,5i0
8945ywrD,5i0
8032OEJE,aCg
9276PvlQ,aCg
1182kztc,aCg
6259ftie,aCg
2007yXXj,aCg
9653qnWA,aCg
6756xJeJ,aCg
6657ZnLY,aCg
4925CgNP,aCg
3539EGST,aCg
0908AtGP,aCg
7934WYXI,aCg
5274OpcW,aCg
3012OFCm,aCg
1894BCYt,aCg
8085WJlQ,aCg
8969SiqM,aCg
5487NiBq,aCg
4466JzeO,aCg
4976cXPX,aCg
8523NodF,aCg
6569Fkmv,aCg
0000QBhq,aCg
4090qNOJ,aCg
8416WGVH,aCg
8025cMxz,aCg
8429HFGq,aCg
9891urFY,aCg
9061gVdt,aCg
2997Gfoe,aCg
3990TWSI,aCg
2325gVxA,aCg
4975kYTI,aCg
2355pzLg,aCg
4341oMuv,aCg
9810lylu,aCg
7984hisG,aCg
5436RhQs,aCg
7219MxNE,aCg
3464CmDL,aCg
6481Xljr,aCg
3609GqkE,aCg
4281ratF,aCg
0167BZvY,aCg
6739srrK,aCg
2643FFFk,aCg
4615ZcGF,aCg
3872KYER,aCg
0679upfh,aCg
1391JOMe,aCg
5898NFWT,aCg
7892sNOg,aCg
4210yPgP,aCg
2772hiGE,aCg
2873eXRg,aCg
9822UwMs,aCg
7679iSJp,aCg
8300vTPG,aCg
7898XpNj,aCg
0071xkww,aCg
4351EDMC,aCg
8316Yost,aCg
4178lFoi,aCg
8718mKgc,aCg
3490TLdx,aCg
9071KMPG,aCg
3234HeVK,dDU
4105hbXA,dDU
5242TDkc,dDU
5427Pytw,dDU
8455QHEc,dDU
1969JcLO,dDU
1461HFSB,dDU
5385PBKz,dDU
4957bvTX,dDU
4476ruWe,dDU
0255LXdB,dDU
4749uIAn,dDU
3015oweF,dDU
3993GdJu,dDU
2572JvGL,dDU
1854eQHt,dDU
5851syOf,dDU
2261xSmX,dDU
4596CAqO,dDU
5044rMso,dDU
9549hJOq,dDU
3168QcUm,dDU
0653XguP,dDU
5093rETh,dDU
6216EiQR,dDU
7565LGaO,dDU
6150vHIV,dDU
0952nNLd,dDU
3782HeIU,dDU
0426Uwjj,dDU
2972gCrD,dDU
8053tGVP,dDU
6353sKYY,dDU
6365ZCJm,dDU
1293rIFW,dDU
8159ruDb,dDU
6840CiCA,dDU
7381XIeX,dDU
8604eFuD,dDU
5596bBVU,dDU
5318iVEj,dDU
2840UsSx,dDU
7370jyjt,dDU
4510PHok,dDU
6925xXer,dDU
9069mFPH,dDU
6471TOLK,dDU
7644wSdq,dDU
5028SNzV,dDU
8432vaUa,dDU
5025tJbG,dDU
2659vyiF,dDU
9630JSGe,dDU
6212lvzh,dDU
0610EaPE,dDU
3454HDRw,dDU
8038ktck,dDU
9818iZke,dDU
7320Dykb,dDU
2841lITr,dDU
1693tamf,dDU
0111dYoJ,dDU
9833BgHV,dDU
8835RjgK,dDU
8554AzOA,dDU
2771uZjv,dDU
9828esBL,VAW
3698Dmzo,VAW
7860geFk,VAW
2151ktjp,VAW
2387KBbM,VAW
6363LueY,VAW
4097fEct,VAW
5167bwYD,VAW
3257xZtk,VAW
9913HSxC,VAW
0925LarW,VAW
9902lUcP,VAW
7677jBfe,VAW
3267UZfY,VAW
1503qzdp,VAW
4615xDSb,VAW
1386krGr,VAW
0191MyYL,VAW
8191SNEa,VAW
0099WXrc,VAW
7592aajL,VAW
8417daco,VAW
4020JuUe,VAW
7400QoaA,VAW
4479iBpf,VAW
6345azPW,VAW
7638bwtc,VAW
0850SwtS,VAW
4971CbFq,VAW
6295XRad,VAW
5515GAPS,VAW
9730ZeoN,VAW
9235KVmt,VAW
6555cpPP,VAW
6735dleQ,VAW
4237USgL,VAW
3246iHEv,VAW
8016rzHq,VAW
0321bCfh,VAW
9555kVJW,VAW
1159JwUV,VAW
7225VRvF,VAW
8298moFb,VAW
5593Asog,VAW
7838DArq,VAW
3537kPoX,VAW
7216hXDh,VAW
1293fDAE,VAW
8158SOEt,VAW
9376zwqs,VAW
4643uqEB,VAW
0797XDZN,VAW
3486Jpue,VAW
8077dnXP,VAW
1366gpEf,VAW
2786SNpJ,VAW
6398zRot,VAW
7780hvkZ,VAW
9292Hwnl,VAW
1456cgYW,VAW
8536Wnuu,VAW
5059Cisw,VAW
9802SIhm,VAW
4410wRDK,VAW
5540vhrL,VAW
5717gZsQ,VAW
2387yZan,jxJ
6984favc,jxJ
5512KkKr,jxJ
6786npwx,jxJ
2433Whpt,jxJ
7038PoxU,jxJ
4247lrAD,jxJ
7657EOgx,jxJ
0219kpHu,jxJ
7674XbLY,jxJ
4497wgaW,jxJ
6048rJLN,jxJ
0029FhKI,jxJ
7124TgKc,jxJ
5356UKsl,jxJ
4951DxQC,jxJ
7520YIsj,jxJ
5688UWxd,jxJ
8490NcZf,jxJ
9534XQEx,jxJ
6478MODx,jxJ
6008XfQI,jxJ
1232GpWo,jxJ
7711iGBE,jxJ
1539UTno,jxJ
8022mqzW,jxJ
6930RLPL,jxJ
1838VTxd,jxJ
6036nyqh,jxJ
7368JHfI,jxJ
4024bheS,jxJ
7055ehZq,jxJ
2094jCMT,jxJ
9490OHgb,jxJ
0422yVxE,jxJ
2247oIIj,jxJ
6237syIB,jxJ
1577fspQ,jxJ
3654lOlu,jxJ
8349DDbh,jxJ
5522lNlQ,jxJ
1167tvQn,jxJ
6963HxFf,jxJ
2255TsAt,jxJ
6032kIdt,jxJ
1504xyap,jxJ
5472EojF,jxJ
8872okkX,jxJ
6612wjIB,jxJ
7613lOSJ,jxJ
2078nEHV,jxJ
2658UwVe,jxJ
1030pXXi,jxJ
1388AqMU,jxJ
1703cjYy,jxJ
2789Tzom,jxJ
8936nxPL,jxJ
3184lBNz,jxJ
2581QYAM,jxJ
3361zcju,jxJ
2289whlU,jxJ
6772sBWN,jxJ
3739pmwS,jxJ
4347NnZH,jxJ
9023nUxt,jxJ
2232VxfA,jxJ
1612kIIe,aBS
9415Xpvk,aBS
4016CRJa,aBS
0568GeoQ,aBS
0243tlAZ,aBS
6093Zmso,aBS
2072HOMa,aBS
7296MBPN,aBS
0917HJHl,aBS
6726YIlO,aBS
0230zhhD,aBS
2577pAIb,aBS
3787Kxmu,aBS
9413hoaX,aBS
8645zdGd,aBS
7791Mgoa,aBS
8144nnvj,aBS
0064FFvb,aBS
7520Qkkl,aBS
1020bemU,aBS
7150ZWNO,aBS
7327rmOT,aBS
8443lAFd,aBS
9515OmFE,aBS
1582HITy,aBS
6422hung,aBS
5123kqXP,aBS
7379fmcv,aBS
7785RRnr,aBS
3836GQUT,aBS
3923iTYd,aBS
1598JWOE,aBS
5252PAdH,aBS
6642royy,aBS
9695tNsj,aBS
8057tykz,aBS
8933jgrc,aBS
6223FWyV,aBS
3803MzFo,aBS
9971oGpD,aBS
2014NeUt,aBS
6468dmid,aBS
2279LgAj,aBS
3882dNlp,aBS
4097SuBA,aBS
5066glVf,aBS
3592psMw,aBS
8266BnVA,aBS
8793rbBE,aBS
8170AZOA,aBS
5711jDMm,aBS
3493zFOG,aBS
4381BpZu,aBS
3781etTb,aBS
7833uooG,aBS
7368pNNC,aBS
2303Kmtf,aBS
2688LuvS,aBS
9489AfoD,aBS
9703OdbP,aBS
8598NqOg,aBS
8581bwUb,aBS
2049CRkY,aBS
4828dvNY,aBS
8511cDXe,aBS
2108fQfk,aBS
5398CIIh,eAR
9042Ijsm,eAR
4994kRJD,eAR
3585qNpx,eAR
2567IoxY,eAR
2220Msaf,eAR
3962hEbX,eAR
0857JiBi,eAR
4111wbam,eAR
0145KWzI,eAR
3609IPdq,eAR
8988KEgJ,eAR
6581OFqd,eAR
4062nuqZ,eAR
5634ZueP,eAR
1237swwI,eAR
2665VVTa,eAR
1875uBUM,eAR
6792sGBf,eAR
9394TzzE,eAR
9103oxDj,eAR
5180laRK,eAR
4544hIMq,eAR
7421lWZI,eAR
6095Duzu,eAR
6557mTTj,eAR
4455roPM,eAR
9311DiMf,eAR
9372LbyN,eAR
2187mHMK,eAR
9338PyTI,eAR
5348xKxI,eAR
5336WWXw,eAR
4340aZmF,eAR
5641MzsI,eAR
9523ILtA,eAR
0484OisK,eAR
4002Kkma,eAR
6554CDxN,eAR
9127ndNH,eAR
4321Lfmr,eAR
8491SieI,eAR
2627bDfQ,eAR
2189zURp,eAR
2074letZ,eAR
3944DZgm,eAR
6185Osrj,eAR
5846frXY,eAR
4072fsfh,eAR
3360zKbe,eAR
9265HRlr,eAR
3263nuSq,eAR
2713iKWo,eAR
5774uzgF,eAR
3649sFqU,eAR
7521srPh,eAR
4620etFJ,eAR
9702NHbd,eAR
3997jbsv,eAR
6421cxPY,eAR
8311bSXc,eAR
9002Lcen,eAR
6752AJGo,eAR
4310qQWq,eAR
7780NFZY,eAR
9336qsLC,eAR
5938DHOC,Otv
1993rjYP,Otv
8169fpKW,Otv
9549MDiL,Otv
3362SWZU,Otv
6478RSXQ,Otv
5051CyaR,Otv
9236TFQY,Otv
9593aujl,Otv
2411mlqz,Otv
0065OzTn,Otv
0203jCQw,Otv
4818qVQL,Otv
6673FVTz,Otv
5862wVYw,Otv
0582rLCC,Otv
5429gNfy,Otv
1729CyPX,Otv
5291BMfT,Otv
6714uDuM,Otv
0650ZhnZ,Otv
8479kNuj,Otv
9173bbnZ,Otv
5430QWKc,Otv
7793oXev,Otv
6194KHjT,Otv
8950Qniu,Otv
4441Xwfc,Otv
2484YqVj,Otv
3572WHWn,Otv
0340yQoj,Otv
1494KELY,Otv
4245DJhX,Otv
9171InyT,Otv
7107exhh,Otv
8472zTQi,Otv
8033zEIy,Otv
9862MpAM,Otv
5561VDcx,Otv
9781gXjC,Otv
6500RSol,Otv
2870tcrM,Otv
4770jgnP,Otv
9273ZYwc,Otv
1335MIVN,Otv
9088jncQ,Otv
9246dXSu,Otv
0458poEs,Otv
0941WjKg,Otv
4068PqcW,Otv
1990TpCy,Otv
8667LPex,Otv
8149eNjN,Otv
1892oNBC,Otv
1219DAFg,Otv
1475otuT,Otv
9498zLwQ,Otv
2369fxnL,Otv
0658NlTI,Otv
4429OeOX,Otv
0408uilj,Otv
8717UQrm,Otv
0596rJYT,Otv
3060sLkQ,Otv
0158BowJ,Otv
0354pjCA,Otv
1596zYMa,MUk
2916eVNn,MUk
2975XiCz,MUk
8481hTsi,MUk
5640ydam,MUk
7823ZAVe,MUk
0355tfkw,MUk
8428RLsE,MUk
0762Okif,MUk
9923gvmD,MUk
8023fQfR,MUk
7239AECp,MUk
8790jnoA,MUk
3865mJRe,MUk
0889TvcV,MUk
0218VHxt,MUk
4176mjVt,MUk
6033Myor,MUk
8361soRJ,MUk
7183Awfw,MUk
8632RBbX,MUk
2147lDof,MUk
6855wPxz,MUk
7017ACxr,MUk
8423hbYv,MUk
0343rHsP,MUk
6154OxbV,MUk
2746cKnf,MUk
2573mfMU,MUk
4230eJKA,MUk
1134xQMO,MUk
7784Cnvh,MUk
1139XMwe,MUk
1975bJHl,MUk
3738PUWq,MUk
3894oyxm,MUk
3025rUZs,MUk
8034fUic,MUk
1625qHur,MUk
9426yUef,MUk
4806VjmD,MUk
3218gAGd,MUk
0688ljta,MUk
5336FpTp,MUk
0659KrtJ,MUk
3022DHWo,MUk
2713TVNr,MUk
0361SfdA,MUk
5564RMXV,MUk
3378IAde,MUk
4086TGud,MUk
5842jPsS,MUk
6437vLyy,MUk
7728VbON,MUk
2724WgIp,MUk
9215kfJT,MUk
1355FkTp,MUk
9340vvAt,MUk
2999DkXl,MUk
9459UqiI,MUk
5980OscA,MUk
8776oSMk,MUk
0857gcwc,MUk
8112NvCK,MUk
5088rcNI,MUk
5597zYKU,MUk
2111rHQg,vID
5958pIxm,vID
2540jfXL,vID
0297pBdt,vID
6649cbpC,vID
4496GmrZ,vID
8921jRow,vID
6038hhIH,vID
0904ycZq,vID
2051ItFS,vID
2177DtTA,vID
3711cCak,vID
5968IBwT,vID
7252SKqH,vID
6399qYUK,vID
8946CSSq,vID
3021WBwv,vID
9356Hgnn,vID
2573HOWA,vID
4708MTxU,vID
7284shEX,vID
3995DEJw,vID
1482SHIZ,vID
0169WUyp,vID
5831idWh,vID
8299mrPh,vID
7684YRuX,vID
3519wwpo,vID
8541Lszw,vID
6047uvNn,vID
6415UHqp,vID
6152mJpc,vID
5823pfky,vID
9239Dwhc,vID
1214MReX,vID
8914AJXm,vID
7121dRtU,vID
3013PKDl,vID
2427FMzF,vID
7942bLJd,vID
4219AMIp,vID
8669AUcY,vID
6446WBGk,vID
7038kmQC,vID
5205tvCx,vID
8487vKUg,vID
6191sGHC,vID
9208Kanq,vID
8629QFdp,vID
5181XOmi,vID
5126MhOV,vID
5118JgKo,vID
7240utwZ,vID
4757Cwqa,vID
3351MyZZ,vID
1032irxW,vID
9354HfEu,vID
9555hcsV,vID
8083EjKQ,vID
3592zjnG,vID
0384fqBY,vID
7138mngt,vID
2809aObv,vID
6058GvJK,vID
5633AoIy,vID
0216ZYTs,vID
0995kBnu,Irl
9570OqCs,Irl
9401LVEA,Irl
6063rhnS,Irl
4083ShxV,Irl
8969xtcV,Irl
3441BSdm,Irl
8743iVho,Irl
5681CJiX,Irl
2838RoTv,Irl
3803PFVn,Irl
6607BTrJ,Irl
4590XBqc,Irl
0915vJWA,Irl
9520kaEM,Irl
6608GupN,Irl
9988xXSQ,Irl
8060klDN,Irl
1788RhKa,Irl
1241rcLJ,Irl
7985uSsZ,Irl
4342uPLG,Irl
6080POul,Irl
3118nJfL,Irl
5723Ljio,Irl
3252agPq,Irl
6047ydak,Irl
7536icfo,Irl
8056PHch,Irl
9255asrb,Irl
9114pnDa,Irl
5596WpJJ,Irl
5215lCrL,Irl
3690YgBo,Irl
0742JbGt,Irl
4590nOXx,Irl
2198AYRq,Irl
3803ELch,Irl
7295Llgn,Irl
7610iZgH,Irl
6122iima,Irl
0647iBJU,Irl
0125bbBz,Irl
0306qatK,Irl
1356vCFf,Irl
3283pxbZ,Irl
2437ODJJ,Irl
1576RuxR,Irl
3820CZzg,Irl
4852JlAQ,Irl
2801zMwW,Irl
3147IGpZ,Irl
4732aOxI,Irl
9778ODJe,Irl
9992niZm,Irl
0658CuSa,Irl
5623FkwU,Irl
2406stbt,Irl
9954NtkK,Irl
7620ujcx,Irl
8613OXYx,Irl
0214GzgO,Irl
8213mPzD,Irl
5245VxmL,Irl
6589OQpb,Irl
0943HHcT,Irl
0341dvzj,aV5
1718meYU,aV5
1081geVS,aV5
5013tsUW,aV5
7195YnzD,aV5
6274YfRR,aV5
4670qWCW,aV5
2045gLVF,aV5
2655VYaO,aV5
4726effw,aV5
5698bPpI,aV5
8556WDuB,aV5
1946CRgH,aV5
8359izeO,aV5
1468Axvk,aV5
5917SYkM,aV5
2414rljU,aV5
5513lrPX,aV5
7096zZRH,aV5
3823Gwqb,aV5
9822Qmlh,aV5
1655vBwl,aV5
3769NnyR,aV5
9037gxCv,aV5
9857GBQN,aV5
6181GyWf,aV5
1683mKDC,aV5
4110pllD,aV5
2635fGlj,aV5
7583nYsv,aV5
8865HUCu,aV5
8012PxRL,aV5
7012IFaq,aV5
3618cuLw,aV5
2481xScr,aV5
5964fBRw,aV5
9259XGWB,aV5
5011RZTX,aV5
1954CuJn,aV5
6239jpZE,aV5
4559OoyP,aV5
5666xwhl,aV5
7665YmuW,aV5
3545MizB,aV5
7752UkVj,aV5
5018wRFK,aV5
4312qyYP,aV5
9001YJyn,aV5
8145Fnfx,aV5
7474NXGZ,aV5
0863eXPp,aV5
7923kmVd,aV5
6494aidv,aV5
2105xQYM,aV5
3761feKG,aV5
5783KNqz,aV5
1408qbWI,aV5
1665hNha,aV5
6603WSpQ,aV5
8437QmbV,aV5
6923ZpMb,aV5
4881tkzn,aV5
0190RUHd,aV5
2982KxXo,aV5
2984oUxK,aV5
2905LsnO,aV5
8447BWCN,JZP
4198NCyr,JZP
7603OYgL,JZP
4661gcQg,JZP
5252xMCm,JZP
8239nsXq,JZP
8124uYlN,JZP
1089eZij,JZP
1684JMPT,JZP
7659GovX,JZP
6139FKsj,JZP
9356ittw,JZP
1452psot,JZP
7371ysDI,JZP
8711qDYJ,JZP
3412Kcgt,JZP
0814bifl,JZP
6029mYnr,JZP
8340wYsh,JZP
5063hpkp,JZP
7039TBvP,JZP
6265SzgW,JZP
3021rocv,JZP
2028EQpc,JZP
3274AWqb,JZP
3868hSCI,JZP
1733SFiA,JZP
4841RwUb,JZP
4721QiAu,JZP
4240ONCs,JZP
0655wfxe,JZP
4409dLVM,JZP
5868YbST,JZP
8313dcYZ,JZP
6049Ltkx,JZP
3853cFgJ,JZP
4498GVIx,JZP
1039Ejvi,JZP
1031Ilnv,JZP
8854SVeF,JZP
2390Ubea,JZP
7994nytA,JZP
2965KxPU,JZP
2839dfcw,JZP
1594ZGyz,JZP
6888AQSL,JZP
4354JGCT,JZP
7137FqnN,JZP
9941Vfxp,JZP
8155QdjS,JZP
5289nwCQ,JZP
8877tMhc,JZP
4367tHeS,JZP
4699CyuA,JZP
9511HeTZ,JZP
9653mgHe,JZP
9647NCMd,JZP
5859igjF,JZP
9806FUZY,JZP
8178tmde,JZP
8532DzHQ,JZP
4468qbYM,JZP
5002fLcH,JZP
1353dJgd,JZP
9954qqLO,JZP
9488IKyQ,JZP
0079EEDu,OVq
4664XBlg,OVq
0804kQWV,OVq
5374StfA,OVq
6954tEqQ,OVq
8477jfxk,OVq
2536SezS,OVq
5964pVYI,OVq
1820JOXb,OVq
0454XcVl,OVq
8016QhDC,OVq
7062POVT,OVq
1156BbIk,OVq
3688jKaM,OVq
4870ArTC,OVq
2570LYfQ,OVq
1985DWso,OVq
3082oKsA,OVq
9228jftX,OVq
4751Eluo,OVq
2762IxCF,OVq
3676xVAF,OVq
5024XLnk,OVq
0886TGqL,OVq
2766ObOi,OVq
6554EBWv,OVq
2852VCZX,OVq
0690VlXa,OVq
3855DWmv,OVq
5263aRhj,OVq
2224oxGG,OVq
6448vMJi,OVq
6924rpio,OVq
6871UDKk,OVq
5913mOVs,OVq
7258ChCJ,OVq
1981ujOT,OVq
1834IUdy,OVq
6076LigA,OVq
7761dqYr,OVq
2386vcHk,OVq
8782CuGt,OVq
4296dgrs,OVq
8281hnMh,OVq
6514SsJL,OVq
4225mWpr,OVq
2578rvax,OVq
7692rYLg,OVq
9690wfRO,OVq
6743ZyAS,OVq
9353kjDj,OVq
8457ZfZL,OVq
0648rcjo,OVq
0079aNBJ,OVq
1152usOA,OVq
3583ieKN,OVq
3581wybh,OVq
9733pVTM,OVq
9133xeKI,OVq
3302itEz,OVq
8907bSwL,OVq
3667nXCy,OVq
1067zbnE,OVq
3242RKCj,OVq
6721XcQr,OVq
7493jefr,OVq
1334AiOV,LTZ
2386FEAp,LTZ
9892ihjs,LTZ
4616bsor,LTZ
4395ejuS,LTZ
5452VURw,LTZ
8346VQGX,LTZ
6889nkNH,LTZ
3806zxjO,LTZ
4576LveR,LTZ
3681kZli,LTZ
0720vRrC,LTZ
7061QdDh,LTZ
7549mtDz,LTZ
5912DCav,LTZ
9368WblY,LTZ
1026PIxQ,LTZ
6977WXtL,LTZ
1232daQg,LTZ
9752KkBg,LTZ
8095shMS,LTZ
4116hLgq,LTZ
8408byiQ,LTZ
3838lICk,LTZ
7764lNig,LTZ
1376VOFR,LTZ
3405ObQn,LTZ
7948VjtQ,LTZ
7069LLRk,LTZ
0042CCUc,LTZ
3080rJwW,LTZ
4986PKig,LTZ
1413jUSJ,LTZ
4836mADn,LTZ
7690eZTM,LTZ
1662cZmo,LTZ
7201gYCc,LTZ
6244oxGI,LTZ
8063gtMk,LTZ
2124ZTNC,LTZ
9267ZcXe,LTZ
9218GYww,LTZ
8768Rgdu,LTZ
2199BWnb,LTZ
6423KeMZ,LTZ
7643RBoC,LTZ
5378Bkmg,LTZ
9899rTBo,LTZ
6384BLvv,LTZ
2991JFfq,LTZ
6283jpWq,LTZ
5323fikK,LTZ
7064pbUw,LTZ
8609kMbz,LTZ
4892xwoc,LTZ
5943MFOB,LTZ
9573Incd,LTZ
5967NaOy,LTZ
9760aUkZ,LTZ
9678hKIj,LTZ
0376xFos,LTZ
0801XIus,LTZ
8234qidj,LTZ
9315wZuH,LTZ
9784Ubvt,LTZ
4327IyYP,LTZ
5840aoEW,995
9529DING,995
6216ycDw,995
8151BMRH,995
6059gggs,995
9011MxXi,995
3114DzPp,995
5521Tqgm,995
1648DzdJ,995
5894yhNL,995
7486dGHG,995
0070gPum,995
9147MGYR,995
8521TrIC,995
0259etKX,995
1021vEjv,995
1394TklQ,995
2013yuFP,995
7910ubuz,995
1321OhCQ,995
6106mJOG,995
4872Eglv,995
5474RbsG,995
1132voin,995
7892WXsG,995
2276XtNb,995
4265btEE,995
4485DWMA,995
1418QeoQ,995
8406gTrz,995
2934kDcX,995
9587nFaM,995
3260BSsu,995
8194Lufn,995
3838Glfj,995
9658oMMD,995
0677pouL,995
5724sczS,995
8979aCBS,995
4262ggeZ,995
8152zzBQ,995
7183GwWA,995
9877eUOQ,995
9771bclR,995
9276BiSy,995
7663cfio,995
4021qHmh,995
6614iSwK,995
2591LHfI,995
0422GkMo,995
6138GQLY,995
2741YbBY,995
7925TvOD,995
8586pkve,995
9436ZOfE,995
0632fnGW,995
9347vURR,995
7809tlcm,995
2349TbmT,995
5439mTVs,995
4942cmLR,995
8192gaUU,995
0584AvHs,995
0301CPJq,995
8789Bybn,995
9038uEJj,995
7355rELK,ahb
6705aApV,ahb
7772gXIJ,ahb
3675GVRP,ahb
8953ZrUh,ahb
6489ZDJT,ahb
4250qiQF,ahb
2056ARca,ahb
4917FZJn,ahb
2488ialC,ahb
6165rMfN,ahb
8748vbCN,ahb
4399yxkM,ahb
9005pRPV,ahb
4288YOrY,ahb
9707FJmW,ahb
3276cMLa,ahb
5648dqeA,ahb
0326FRsb,ahb
0969mWDc,ahb
7812AAQm,ahb
6004kzYo,ahb
6913fLQA,ahb
7183kaNL,ahb
8475HAlV,ahb
1401nSUF,ahb
1941PmlW,ahb
8846ElSY,ahb
8407zQAG,ahb
4089lhXW,ahb
6460NdCh,ahb
3478aXgP,ahb
2120BBby,ahb
0141GvEY,ahb
5509uHBs,ahb
5204FwOL,ahb
3788tYKm,ahb
6985DAQb,ahb
1536lhdg,ahb
1620PhZb,ahb
1689Ahcy,ahb
4532RuMQ,ahb
4617CmmY,ahb
3303catR,ahb
8567MqNe,ahb
8862ulgG,ahb
2675ZXZw,ahb
2419dPko,ahb
1553lLZi,ahb
6052Wquf,ahb
1545TMjw,ahb
5810Ytan,ahb
5597TKbT,ahb
5239WqnV,ahb
3631cejp,ahb
5372FXED,ahb
9354stOQ,ahb
8008AFhZ,ahb
9515HDfY,ahb
2183DIpH,ahb
3581WDhQ,ahb
3374igzy,ahb
0358WdDu,ahb
0787Uorc,ahb
6543cjfW,ahb
3744Qrwz,ahb
7934WWfZ,IVr
4233zhYa,IVr
6059RokZ,IVr
2406mOTC,IVr
6616pVzn,IVr
2644TLEh,IVr
5823yMhV,IVr
9572xtHn,IVr
0089siQq,IVr
6680bFci,IVr
6291zoxy,IVr
0103qUFn,IVr
6347KcOk,IVr
5534ljjQ,IVr
7902wxwd,IVr
3617wjXU,IVr
0163ukbt,IVr
9840cCfJ,IVr
2496azVX,IVr
8167dkUl,IVr
3064JhSw,IVr
8576KEDz,IVr
5265XHTo,IVr
4474fAmB,IVr
3554zbol,IVr
4028mzBn,IVr
6235ZIJr,IVr
8527yNIP,IVr
0849vYQj,IVr
6031skrW,IVr
7756djdT,IVr
4149ARrQ,IVr
7587eAAu,IVr
4641oUOA,IVr
8687ZQqs,IVr
3154riVD,IVr
8963jRWr,IVr
7625BghN,IVr
3383ZnVe,IVr
4979ehOY,IVr
2568kNld,IVr
8218PLCQ,IVr
1619dklW,IVr
4995RtIG,IVr
7976qeBA,IVr
4834MPTA,IVr
7775MnWd,IVr
0739mMmd,IVr
2964TNwK,IVr
9676jWso,IVr
9575CURP,IVr
1829yzIK,IVr
4992tMNE,IVr
3300oMrX,IVr
0521GnbK,IVr
6941Xqsr,IVr
0537qsyL,IVr
7089Woes,IVr
8252dRRh,IVr
5877JAjt,IVr
6200QvDO,IVr
9882XrKG,IVr
5388TfKc,IVr
5156ZGpR,IVr
6725RhbV,IVr
8761nEhv,IVr
3314owVf,Dlr
8302wFpX,Dlr
6590GVRT,Dlr
0407HHwv,Dlr
1505ROJo,Dlr
2040SyVO,Dlr
4507ZzIq,Dlr
7998QOGB,Dlr
4969AUsX,Dlr
4998yRTh,Dlr
3062mbPa,Dlr
3058BZuN,Dlr
3554cSlm,Dlr
9717rubZ,Dlr
5933croa,Dlr
6694bnOu,Dlr
0479QWab,Dlr
9678vioS,Dlr
7825rLdH,Dlr
1424bRqJ,Dlr
6382FGZM,Dlr
1543KZtB,Dlr
7105ocyz,Dlr
6648JZiT,Dlr
7930TBil,Dlr
0012eOJr,Dlr
5160Npsv,Dlr
4643KMDd,Dlr
3244cJdt,Dlr
7633TYIV,Dlr
7172BxSm,Dlr
1745iqoJ,Dlr
4898CDgq,Dlr
7206wuCa,Dlr
3529eHXp,Dlr
9318Xehj,Dlr
1905XHBq,Dlr
1672CBVQ,Dlr
2414VtUg,Dlr
0094uktj,Dlr
3987APAx,Dlr
4243gNvz,Dlr
6347vOYu,Dlr
5026csMH,Dlr
2710Gqob,Dlr
7179GVFo,Dlr
2439xcHL,Dlr
3353LqIV,Dlr
6335whhO,Dlr
6654KfkN,Dlr
4021grFA,Dlr
1045NLJe,Dlr
2650xZUn,Dlr
8562RfDa,Dlr
1142HbFU,Dlr
5419Ledy,Dlr
2415xNkR,Dlr
1491JtPz,Dlr
9754wexz,Dlr
2374lTGO,Dlr
0747dAmd,Dlr
5359sqMR,Dlr
9943TYCq,Dlr
2738NCsh,Dlr
6981qYDT,Dlr
4223gmfX,Dlr
4936vgDf,KXa
0707tYzZ,KXa
8959eJWA,KXa
3348ttOz,KXa
8763OjVH,KXa
2600lMLQ,KXa
3602dDyA,KXa
4828mgZq,KXa
4275VOdT,KXa
5647vuYH,KXa
8736zlbj,KXa
1267Plxd,KXa
8879ajdI,KXa
0026vOVr,KXa
5775Mxhz,KXa
7542RhHZ,KXa
3731xFWR,KXa
6030FXSP,KXa
7423kVxz,KXa
0284VRuQ,KXa
9772erKy,KXa
2933kWTv,KXa
7204GxZd,KXa
9457MJBn,KXa
4354GWON,KXa
3740jpKR,KXa
6170eNBv,KXa
4792bzyK,KXa
0174mLrc,KXa
2679iGIW,KXa
9277MBhg,KXa
1840hnAk,KXa
1387vnvR,KXa
6891MiCy,KXa
3917pNqi,KXa
4236sTZM,KXa
3533juMb,KXa
5682TLnm,KXa
3163ICwX,KXa
5849OjVV,KXa
2647Pljz,KXa
6062sByK,KXa
6980lwzc,KXa
2327xSVv,KXa
6530oVlV,KXa
1454ZBnZ,KXa
0869aLxu,KXa
1193Vteu,KXa
6064WRwB,KXa
1686rnCp,KXa
4307McAX,KXa
9292bZtr,KXa
8157rOqg,KXa
5082YHSp,KXa
7750mZSU,KXa
8247eMsC,KXa
3378NjOq,KXa
4565Dxme,KXa
6916PaLN,KXa
7241qlUc,KXa
3486lRLC,KXa
9384sDJG,KXa
5250udIb,KXa
2369hWtW,KXa
2994epeV,KXa
6782ZWWG,KXa
8567oEGT,edH
6693ajwp,edH
5565MtEi,edH
4809NwoI,edH
0053mhBP,edH
1875OxIU,edH
7970rxmo,edH
9977tjNd,edH
2904AILH,edH
7784ZjtF,edH
9366aAae,edH
7368VKYz,edH
3806TkHD,edH
7616zmUe,edH
7877tQLy,edH
9214PEfP,edH
4798cAzL,edH
3799jxYq,edH
7383JKxk,edH
4878vbWl,edH
4813EBJd,edH
2502ELsc,edH
9773iqwQ,edH
7851swNM,edH
6255Legg,edH
3708pNWf,edH
6035RCjZ,edH
4601Qylx,edH
5677BoMJ,edH
6410XyOf,edH
1523hRQZ,edH
6696AgCS,edH
6449xTbO,edH
3447rGHy,edH
7118zSOC,edH
0436Jstp,edH
2132lzEn,edH
3279xtNu,edH
1798CQue,edH
0036PPxt,edH
4886mgLS,edH
0502NAGE,edH
7149VgUU,edH
8082lSeV,edH
9881QRnH,edH
6750xvDp,edH
4418Uniu,edH
2685omog,edH
0113joOy,edH
1570nqms,edH
5114VInX,edH
7451vnQt,edH
2274izel,edH
6006vNKV,edH
5734SBrM,edH
0308Cwch,edH
9918tEwW,edH
1153NGHj,edH
3466RZvb,edH
3048QtEL,edH
5172dpnp,edH
0977zDrs,edH
4653ANzB,edH
2177RZJh,edH
8035vMdq,edH
4949abRs,edH
0630Xhwu,50P
7749SmYw,50P
7487hcfb,50P
6175KYzR,50P
6912mzwa,50P
0190IUpr,50P
0118gNLo,50P
1600RoBQ,50P
6987zdsq,50P
8001ygxt,50P
9786kMme,50P
1669PgDF,50P
1976bfTP,50P
0153QtFo,50P
5234tEaR,50P
2269RvHj,50P
5085wpPQ,50P
0700iFYn,50P
0721tUYq,50P
4846OtEk,50P
5957tXvI,50P
7728wiXd,50P
9368iZAd,50P
7399vric,50P
2213FtrL,50P
3060EJof,50P
0626ssug,50P
0210AXhp,50P
6365tQUO,50P
2050Kyex,50P
7249EIcl,50P
1737ILUj,50P
7717uMGe,50P
2042IZvx,50P
0878HHND,50P
7313khxb,50P
7451RDmF,50P
9922ytss,50P
5647vqHp,50P
3814dVts,50P
6960QSCm,50P
2233Cmid,50P
5229VQbT,50P
5863sWci,50P
9451rDia,50P
8838AsXp,50P
9214LTPw,50P
5664dxDL,50P
3858noOq,50P
0448yPGN,50P
5451Omsz,50P
0357xiov,50P
2938nomG,50P
5505HbDQ,50P
1337edXj,50P
2767YfGw,50P
9107kmSS,50P
2919QJdM,50P
1426uOTV,50P
6856mwGB,50P
6447DfXU,50P
7586dlCJ,50P
3231PfHc,50P
2177nDta,50P
7831pCMV,50P
5783pESZ,50P
5557NYcB,r6H
8975LGQo,r6H
2266wIuJ,r6H
4805GsKd,r6H
3264ofwm,r6H
6623RjJt,r6H
1454haDe,r6H
2807vVWQ,r6H
1522oiSY,r6H
4468Mfvc,r6H
0594muqz,r6H
3432wxtk,r6H
2597antN,r6H
3023aBZi,r6H
7015bdAx,r6H
4066JwEB,r6H
7322jmOS,r6H
1685jZpC,r6H
7130Glev,r6H
2163GJVq,r6H
7030spkl,r6H
8330yRMg,r6H
9128ZwqB,r6H
5108kRtS,r6H
7658SOmI,r6H
6893PQHS,r6H
2855LsDJ,r6H
5002jJZF,r6H
9465BQAz,r6H
0012fDAn,r6H
3443BNZY,r6H
2146bQAW,r6H
3381cIlo,r6H
1802RjZH,r6H
2912jOJi,r6H
0331QgxU,r6H
0449FXRZ,r6H
3113DHvs,r6H
5603iDJb,r6H
5795yyea,r6H
0259eYQK,r6H
6329wkwf,r6H
3788PTBk,r6H
0771VzFa,r6H
5191grne,r6H
5686NGFx,r6H
7351KDCr,r6H
3248jUPX,r6H
3830ThBS,r6H
4840MXkC,r6H
5781wFut,r6H
0168kPBr,r6H
4174nKzr,r6H
8918wsdy,r6H
2460isaj,r6H
6488FRlw,r6H
0681whYU,r6H
2487zrcs,r6H
9125KucZ,r6H
0310LVnm,r6H
3510NziH,r6H
0542MZYF,r6H
6464GBOY,r6H
5548BcUG,r6H
9449agxN,r6H
4449jjCy,r6H
0087Imkf,orj
1609YvWE,orj
5799Xtep,orj
4789qFNf,orj
8925xazV,orj
7455TXiN,orj
2262OYgj,orj
6809QmVP,orj
4976UtSy,orj
9071ZIgT,orj
7743sRZz,orj
6874jVVq,orj
5633PfXH,orj
3655yAgq,orj
7160BtJJ,orj
3318cxpR,orj
2432dcRT,orj
4089yyCH,orj
9062WCCQ,orj
9780uebn,orj
6281LNrt,orj
5369dBkW,orj
9067Myzw,orj
5010sXkq,orj
4546tMLL,orj
0710dchw,orj
1908GIii,orj
5390SJhw,orj
3583NvrV,orj
2258DMjy,orj
0121ShZs,orj
1264Uqab,orj
4098oZmc,orj
8674DIQV,orj
0514dGmI,orj
1685EKdR,orj
2563wsWK,orj
9645foNb,orj
8609WCxn,orj
3378PSqL,orj
7148cUXE,orj
5548EmLl,orj
1803nMUd,orj
4156kzsz,orj
2748FARy,orj
1673PUYj,orj
2129URkv,orj
2262WqNN,orj
8253gbSr,orj
8801edLp,orj
6901fvlH,orj
7614NOlV,orj
0896GjxD,orj
1680fVSl,orj
7628fndO,orj
8627ZSmm,orj
5554BzdD,orj
1937vlza,orj
6827LOcx,orj
6311JwWc,orj
3057cmUa,orj
0940Tqam,orj
7922SjcH,orj
7299oLqG,orj
6471sHDJ,orj
3046nJVx,orj
6447jaGj,ufu
6221sfxR,ufu
7486dGQZ,ufu
4653Abwi,ufu
7164iHfp,ufu
0182pjTp,ufu
6714YBFk,ufu
4202WxBb,ufu
0005hYpD,ufu
0560hcEF,ufu
5619HnNQ,ufu
4983LBAB,ufu
6174EivV,ufu
4109nhJk,ufu
5110iiFf,ufu
6546UmWu,ufu
1355SNBt,ufu
9350LWED,ufu
6824lTTS,ufu
4187XYis,ufu
8777oUmV,ufu
3761VPsl,ufu
7644ImaX,ufu
7205hJcy,ufu
5240AjRz,ufu
1609Hivl,ufu
3829uCqA,ufu
0020yyyL,ufu
1328gsII,ufu
2895gjxn,ufu
0811JEzP,ufu
2452fdhO,ufu
1401TXBn,ufu
4014mZea,ufu
8688IslQ,ufu
1062JWoZ,ufu
4233dNHX,ufu
8486UADo,ufu
3429Okwy,ufu
1814gZGd,ufu
4291qQNC,ufu
3950uDxH,ufu
1656jitq,ufu
1045kSGe,ufu
5999aGOJ,ufu
5865bcTJ,ufu
7004wbYD,ufu
9960xFXk,ufu
3304ZppB,ufu
0814dXwe,ufu
9280uGhK,ufu
0395akps,ufu
1490lKRe,ufu
8262UTtU,ufu
5253LURw,ufu
7003clFh,ufu
3705ktaI,ufu
0502KhEG,ufu
6023yVAZ,ufu
5213Rvpc,ufu
5752jZkT,ufu
3213aqiZ,ufu
6184ksoy,ufu
7550XFqf,ufu
2276ocur,ufu
9048cRjV,ufu
9119ykjB,jFZ
7585OxRY,jFZ
4060SWKH,jFZ
8410xOgf,jFZ
4516oGPQ,jFZ
9215sMmK,jFZ
0092GEJx,jFZ
9739vBvn,jFZ
2043nxBc,jFZ
9026uCvN,jFZ
1756voKY,jFZ
5703lfzG,jFZ
0428APov,jFZ
6370eRRi,jFZ
6827PDgl,jFZ
0511xSau,jFZ
3587OHtz,jFZ
5404kGVr,jFZ
1839HKkE,jFZ
3520ahPd,jFZ
9734DnhS,jFZ
2853RXrG,jFZ
0478uZVr,jFZ
3154puXP,jFZ
8082LdYu,jFZ
0402kROE,jFZ
2464QRCf,jFZ
2257tRkz,jFZ
1053iqAy,jFZ
1395qjmp,jFZ
2750vkwv,jFZ
2595MzOk,jFZ
8799SCzK,jFZ
4395BUFc,jFZ
4234WeZe,jFZ
0568MIfW,jFZ
7435Ffho,jFZ
8435LCRJ,jFZ
2442hPGz,jFZ
0235tJsw,jFZ
4720ZJEw,jFZ
4608CVxq,jFZ
7509aZjG,jFZ
9976obAo,jFZ
1431LsaX,jFZ
5639osKn,jFZ
8484JfmP,jFZ
4289bPWW,jFZ
2773NjuJ,jFZ
9417ICkx,jFZ
2349zchr,jFZ
1556uWct,jFZ
4864pIra,jFZ
1070DAFB,jFZ
1719Lmuh,jFZ
1545KSwD,jFZ
9929LZxE,jFZ
1411AHhg,jFZ
9778sFCS,jFZ
8552OrkJ,jFZ
9559Lgvi,jFZ
4315WnRy,jFZ
6580xwPH,jFZ
2153GoRK,jFZ
1512ibPA,jFZ
8351weAU,jFZ
8830ZLUG,Lxg
8094kFja,Lxg
5488lKro,Lxg
1209kImV,Lxg
2510zHal,Lxg
3366vwnt,Lxg
7816sDtc,Lxg
8798OtRY,Lxg
9273OxGh,Lxg
8678iwRX,Lxg
4621edDl,Lxg
0385JfjR,Lxg
8231wjoI,Lxg
1798yGsv,Lxg
7908kVCF,Lxg
6857ShVo,Lxg
4968GAtE,Lxg
8550yMbf,Lxg
5913ESEQ,Lxg
4332seaZ,Lxg
5641toEs,Lxg
4455MjKd,Lxg
9376ShrC,Lxg
4236XzPY,Lxg
3877zAIC,Lxg
2243RntE,Lxg
8144sxEt,Lxg
5146BsVs,Lxg
6459uwMb,Lxg
6740nsEz,Lxg
4299ZQqZ,Lxg
4608VZVR,Lxg
6204fPJI,Lxg
3860KAJd,Lxg
6799GtRM,Lxg
1412ZmFp,Lxg
5657Nifb,Lxg
0033HPWX,Lxg
1379bBxY,Lxg
2742SWyo,Lxg
9351HEZX,Lxg
6336liII,Lxg
2376AeUx,Lxg
6813DYpU,Lxg
6658aIpS,Lxg
7054ZjQu,Lxg
5302tGDT,Lxg
2658bFTB,Lxg
6114WQoM,Lxg
2254eLzF,Lxg
2361tyeT,Lxg
8875FbVO,Lxg
2070AUiG,Lxg
7699ggdF,Lxg
7524AyXQ,Lxg
2398NnKS,Lxg
3224uzOL,Lxg
0602pFMk,Lxg
5256OaWD,Lxg
1599GXRt,Lxg
0826pcjk,Lxg
0319TSof,Lxg
5822uMGN,Lxg
4683obtx,Lxg
8394GyTd,Lxg
7953Luvz,Lxg
6467qXyq,N9Z
0552Fvhl,N9Z
2304EINi,N9Z
4219vuuK,N9Z
4906BUoy,N9Z
8656yAgE,N9Z
2406aBOA,N9Z
8774Tfya,N9Z
9806QCPu,N9Z
3502Alje,N9Z
2048YWOu,N9Z
5874eAvh,N9Z
1761efCL,N9Z
5673DEcx,N9Z
7799vTcf,N9Z
1750jIMi,N9Z
2156ldIO,N9Z
5771kUgM,N9Z
9376Dffv,N9Z
9066BFIo,N9Z
0046iOEf,N9Z
3922UhKW,N9Z
2099MxZF,N9Z
1330azQl,N9Z
4130nhgI,N9Z
0751XlAB,N9Z
6837SBAp,N9Z
1963mbtw,N9Z
7173mFYw,N9Z
3828fCvp,N9Z
9985llJO,N9Z
9779mFUK,N9Z
6781wZAi,N9Z
7507AsKK,N9Z
1324vEpE,N9Z
1027aezC,N9Z
3753oyvd,N9Z
7884ydxu,N9Z
8934jRjS,N9Z
0675DGTV,N9Z
9657evVj,N9Z
8242xpyM,N9Z
5548CPPY,N9Z
9934HiUD,N9Z
1177bQJf,N9Z
0512MBsj,N9Z
0177NhXQ,N9Z
8098hRXQ,N9Z
8764Lhio,N9Z
3516ranT,N9Z
6778Vcdx,N9Z
8151RLaI,N9Z
2298hTCu,N9Z
4250rRct,N9Z
4999xMPj,N9Z
1299fQxt,N9Z
4170YdSy,N9Z
5406Ewhk,N9Z
5906ZRCR,N9Z
8548uCBb,N9Z
0126fNnL,N9Z
6078lkPE,N9Z
8556Dcqm,N9Z
7462Icgw,N9Z
9439kLZy,N9Z
1205FPwO,N9Z
0267liDR,kyQ
7795Roev,kyQ
2837BAgf,kyQ
5929aGUx,kyQ
8914BlLV,kyQ
5587xOnL,kyQ
7528oklT,kyQ
8581mtiE,kyQ
8646lPTh,kyQ
2791fKwJ,kyQ
1304leCk,kyQ
3822QIuc,kyQ
7547gqIn,kyQ
8533PsLJ,kyQ
1289OtLH,kyQ
6869pXgm,kyQ
3704Dlzz,kyQ
9368zGFV,kyQ
5295FUMZ,kyQ
4942DiDN,kyQ
2104pMnX,kyQ
6319uisK,kyQ
0346ViND,kyQ
6245thXu,kyQ
4387SAPV,kyQ
1946UOIY,kyQ
4164AoMe,kyQ
2312sijS,kyQ
4720TWkX,kyQ
6963yfDk,kyQ
4969dTRS,kyQ
7592JRci,kyQ
3497jXhp,kyQ
3304IHUo,kyQ
9259tyGL,kyQ
2174xmnr,kyQ
3065tluE,kyQ
0636xOrB,kyQ
4421ovbV,kyQ
1543sgnA,kyQ
9265JDwQ,kyQ
1236oIDJ,kyQ
4692NECZ,kyQ
4212FSew,kyQ
4104Zpdf,kyQ
0841pfgV,kyQ
5774FOfd,kyQ
2690eOLQ,kyQ
0970vyxX,kyQ
0084tAgw,kyQ
6161DpFL,kyQ
0780ImgW,kyQ
1041KQRd,kyQ
6767zksp,kyQ
9296BolA,kyQ
6057JamQ,kyQ
0945ZEgx,kyQ
6235RTpT,kyQ
3235WzwN,kyQ
0522awtF,kyQ
2614tPIk,kyQ
1930TsMj,kyQ
6854bbyx,kyQ
0896irZD,kyQ
5753jrUY,kyQ
5867cxtd,kyQ
0684yKmp,XVc
3835vrHs,XVc
0769vEUI,XVc
4025tQVl,XVc
1107MyOf,XVc
0854qHPX,XVc
5529nJBA,XVc
3226ZdJT,XVc
4852cFre,XVc
0262LHTk,XVc
9682VTcS,XVc
8738jgoQ,XVc
5816jUAe,XVc
7878SNrj,XVc
7044Krdn,XVc
9694fIcM,XVc
0363jAQl,XVc
9028QYza,XVc
6431CKlI,XVc
3621sgIn,XVc
8717bHZg,XVc
8457HUJv,XVc
3684hDyr,XVc
4505umSs,XVc
5360FDkZ,XVc
7255JOyd,XVc
5113vEio,XVc
7459uudJ,XVc
7100Lsue,XVc
7814gDrR,XVc
5078bcXF,XVc
2078GZpc,XVc
5577MJJP,XVc
2392LUJg,XVc
7271MGDi,XVc
6252TurT,XVc
9014tlbR,XVc
4087SCLk,XVc
5865pKXJ,XVc
6428CnQf,XVc
0118TLTP,XVc
4354pYyq,XVc
7435RYkj,XVc
3777TSib,XVc
2026Rtrq,XVc
5557TtKj,XVc
0815FCdN,XVc
0452LdGH,XVc
8673KgPu,XVc
4588tTzh,XVc
2930yxcH,XVc
7566ZlVD,XVc
5997mkbj,XVc
1278pFqD,XVc
7026NVbj,XVc
3027tQXY,XVc
4885aZWT,XVc
6693WQuC,XVc
2163mTyW,XVc
4579Yefc,XVc
8533yVqx,XVc
2549fSLq,XVc
3896fsWT,XVc
4128UcWZ,XVc
0124DMQu,XVc
9256SMlK,XVc
5434kIdL,y9c
8359EJJI,y9c
0177bENN,y9c
4193hbzy,y9c
6073KBbP,y9c
1713Dctc,y9c
8567lNFS,y9c
0707qqLW,y9c
0489Xgun,y9c
0109Inry,y9c
7816Fkwa,y9c
7942RlDM,y9c
1290tSfJ,y9c
4822gDFm,y9c
8459lvRm,y9c
6251hRFr,y9c
4345CeFf,y9c
4520DtOZ,y9c
8784nhnm,y9c
3237jhfj,y9c
5696Mhsj,y9c
9304nVQW,y9c
3918WWWe,y9c
0265kzBY,y9c
5141qAiz,y9c
2067qPWi,y9c
4932pjYE,y9c
0250rBlQ,y9c
4175ovao,y9c
9512wuXM,y9c
9035VxdD,y9c
7498bYpV,y9c
1618ufoi,y9c
2878PkCj,y9c
1102Cfnl,y9c
1910DsXG,y9c
6966VqiR,y9c
1494gWhY,y9c
2770BNJN,y9c
6441Yplh,y9c
1740gdTQ,y9c
5966fVcV,y9c
1884qyrp,y9c
7463UPvr,y9c
3304TkSr,y9c
9329MHqe,y9c
5640mpqi,y9c
1156nCPJ,y9c
6996BEud,y9c
4713MJfK,y9c
4542GZEm,y9c
1591svdX,y9c
7502Yecz,y9c
7169VQEl,y9c
1803PTUa,y9c
1402rzzc,y9c
9356druk,y9c
5012nrKh,y9c
1653jiCP,y9c
3195qzoC,y9c
7494HaXj,y9c
5358vlED,y9c
1135WHxz,y9c
9440pAVR,y9c
9328JLDw,y9c
0594lCTU,y9c
6807lNDx,1kJ
4435Qvmb,1kJ
4342zFmJ,1kJ
5009izSZ,1kJ
3798oPKx,1kJ
3852UAEB,1kJ
4294rYLb,1kJ
8532qGoF,1kJ
4125qOwU,1kJ
6851ECkX,1kJ
4888bskJ,1kJ
4602arVl,1kJ
9340wNOb,1kJ
4739ThkV,1kJ
2170wpNT,1kJ
0123Wfyz,1kJ
4143PuMh,1kJ
7588BUic,1kJ
2545XRfa,1kJ
5932rvLD,1kJ
7753UpuV,1kJ
7672XAmn,1kJ
5819oGat,1kJ
2407UKxw,1kJ
1335KSJW,1kJ
4788ShXj,1kJ
1801Argm,1kJ
7976gBMe,1kJ
1953YQFr,1kJ
6371zcGF,1kJ
1207yKKz,1kJ
7301Tfdh,1kJ
1312eEal,1kJ
2132KuCH,1kJ
0696dBgI,1kJ
3298UqfS,1kJ
5319BIKr,1kJ
7450qlYR,1kJ
2146wKbn,1kJ
5359XNDy,1kJ
2432ecUh,1kJ
1012CejG,1kJ
1527lIsn,1kJ
9896gBsf,1kJ
9438OEuJ,1kJ
0656bpsa,1kJ
9536DEAo,1kJ
6498eIvk,1kJ
7585VeTI,1kJ
7111DYlx,1kJ
5135QiEE,1kJ
4175KlJu,1kJ
3021JxbD,1kJ
5276bwoD,1kJ
8016ERNC,1kJ
3244mTxn,1kJ
0631FIUP,1kJ
5787LYUF,1kJ
4531awzm,1kJ
0192MNeC,1kJ
1139ftJi,1kJ
0108wPtC,1kJ
6586RxvS,1kJ
6652JbXu,1kJ
1224Emzw,1kJ
5348oBOA,1kJ
4472QdCG,bx0
9511oRiC,bx0
2980dtiH,bx0
9254geOA,bx0
8519aWhK,bx0
0253hqNl,bx0
2159kFoU,bx0
1421MvPZ,bx0
4285qMnf,bx0
5540zyku,bx0
9944Aolb,bx0
1362yNof,bx0
9331nfgG,bx0
2213CPcq,bx0
5103TqAZ,bx0
8719UfJf,bx0
8471nQRM,bx0
0980dRSD,bx0
2995rnEg,bx0
1856sRCg,bx0
0292QiTJ,bx0
3637fjwj,bx0
5125obtl,bx0
8980CmGm,bx0
2924tYKr,bx0
8881ZJBk,bx0
4318OCOm,bx0
1597RpzJ,bx0
8435rRQB,bx0
3087dPNV,bx0
4142xrfm,bx0
9254vROD,bx0
8536PNYs,bx0
2266wdWx,bx0
2242MrDt,bx0
9090ikor,bx0
3976pvyg,bx0
3808sIZx,bx0
7287naqf,bx0
1811iomc,bx0
4258OXwG,bx0
1426RzPa,bx0
9201WtUN,bx0
5528IUaU,bx0
4871cKDa,bx0
0199hRQF,bx0
3665sxBi,bx0
4165puaa,bx0
0457jIAv,bx0
1441yzpY,bx0
9826NlBU,bx0
8658pvuO,bx0
4978gxIQ,bx0
9526YyQd,bx0
5798rZTW,bx0
2074CUsf,bx0
6804PScX,bx0
5379BDbp,bx0
2735kxzL,bx0
0259muJg,bx0
2157ZjRy,bx0
2017iQRs,bx0
7835ZrqM,bx0
1066bKHe,bx0
2215brLX,bx0
7695tGPI,bx0
8714JWuG,O8S
2356tLDT,O8S
0136irZG,O8S
2968Wjlp,O8S
7746xgvI,O8S
4004tMgA,O8S
1205xzCf,O8S
9791Uizu,O8S
8828AvLF,O8S
5675lJXI,O8S
7645XvKL,O8S
8257YrUF,O8S
5907Ncyl,O8S
4706Olav,O8S
9553tDgQ,O8S
2622LQmF,O8S
7509iDWx,O8S
5416ODcE,O8S
1195ltUa,O8S
2444MWay,O8S
7564dsCf,O8S
3403KfOn,O8S
7704pvjv,O8S
7045Fzcl,O8S
4210ivTi,O8S
6685iTOx,O8S
6641HkvO,O8S
9751nvJA,O8S
5871FkMl,O8S
9810ziwW,O8S
1985aZJs,O8S
2682brif,O8S
0796gNbz,O8S
2812FKHx,O8S
2633KdMM,O8S
0540XeOP,O8S
8477uxnn,O8S
2151JggV,O8S
1622bVfl,O8S
6689MKRs,O8S
9207IIoV,O8S
1901tWQW,O8S
6122BqFN,O8S
2738xSlZ,O8S
9412nRLE,O8S
4188licW,O8S
2756KDkd,O8S
1154lSCf,O8S
3717sAdQ,O8S
9423grdn,O8S
2492BMGL,O8S
9837oqaF,O8S
2454cIDQ,O8S
5623LRja,O8S
3843TLfm,O8S
3759wsWZ,O8S
2733qGcW,O8S
4888LVfM,O8S
9442UkWH,O8S
6098zCBJ,O8S
5441SElf,O8S
2053TYxk,O8S
9632BYWx,O8S
0923cKeA,O8S
9331qSZL,O8S
3435BTNF,O8S
2887zpLQ,YdU
9097dmUW,YdU
7082JPXv,YdU
8626dfLs,YdU
1903LDRr,YdU
0491sjWh,YdU
0169Tyzr,YdU
0359poFr,YdU
6643DNuw,YdU
4117CGas,YdU
4036DvXx,YdU
3097VzrP,YdU
2855zggO,YdU
8953ouCr,YdU
4109OeAe,YdU
6939kZWH,YdU
7005PzbV,YdU
7719NqbS,YdU
3955ErWE,YdU
6511yTEo,YdU
5092ooEy,YdU
9912izGW,YdU
5678AGpL,YdU
7526eBnk,YdU
5047mXoa,YdU
9676MVRV,YdU
8823TlzL,YdU
4172wSur,YdU
5908FLFT,YdU
7408ZenW,YdU
5545pdhw,YdU
9917yzit,YdU
2765FrXn,YdU
1538KIDX,YdU
9142sCif,YdU
3916rqzi,YdU
3746lHrX,YdU
8381Vxwv,YdU
4911BfyJ,YdU
3645NDdA,YdU
5517NLll,YdU
0592YLVv,YdU
8527MalA,YdU
8632LfXp,YdU
3163jwJY,YdU
6434VHFz,YdU
1926aOBQ,YdU
8400gbqC,YdU
0379NEaZ,YdU
1559tVFq,YdU
0046NkID,YdU
4135xhxE,YdU
8706qWLq,YdU
8585wJEa,YdU
6832XwQk,YdU
0367VbVa,YdU
8056UEyh,YdU
4499YmWe,YdU
7392tXVt,YdU
7752JxgP,YdU
6129rtdy,YdU
9566yGxz,YdU
1128Eeva,YdU
7023LYfa,YdU
8575jaKs,YdU
0602dUDu,YdU
2293EalH,H2G
3370umZx,H2G
8151YDsE,H2G
4177hrNi,H2G
9760sEhO,H2G
0926hvaM,H2G
6667SAnJ,H2G
9626uODK,H2G
1078lExu,H2G
0040EtkI,H2G
8396UIHu,H2G
6194zTEq,H2G
7096jDER,H2G
8275nZxH,H2G
9015qpJQ,H2G
0193WRnP,H2G
7768hWBu,H2G
6902ymHU,H2G
8977pdxd,H2G
2080HlzN,H2G
4293CbvI,H2G
5490NrfE,H2G
6158vEYE,H2G
4632EnoP,H2G
4816FWnf,H2G
8495UGkw,H2G
9452ooUy,H2G
7105JXbP,H2G
5172NmWL,H2G
6662QIiD,H2G
9314ojRp,H2G
1927hdjA,H2G
2078ukcA,H2G
6309HXYj,H2G
2156ZvxB,H2G
0894mhJz,H2G
9701PocU,H2G
5583ZiJY,H2G
0248RfML,H2G
3125lGLF,H2G
7497NrAN,H2G
5907ACaG,H2G
2206sAKt,H2G
8331slBs,H2G
0599KXjI,H2G
9361BPEh,H2G
4078hBaz,H2G
2425MudU,H2G
9160RdKW,H2G
2562rVHv,H2G
3195zrWG,H2G
0912mqgW,H2G
1512UEfP,H2G
2150GphK,H2G
3518OCHu,H2G
8124NpNK,H2G
2972kJWz,H2G
7382JIgw,H2G
8677djXb,H2G
9633CCGp,H2G
5888QIEe,H2G
0571NhTC,H2G
0962TPbN,H2G
5617XRdn,H2G
5295RUOf,H2G
3190Nact,H2G
6797CROj,VsS
4447ebGs,VsS
3531FDtE,VsS
4543LSuv,VsS
2646ZVsY,VsS
2667AaPq,VsS
8839ICqN,VsS
5199xjAJ,VsS
4719RlxH,VsS
5095VWUI,VsS
0345kXPP,VsS
6568MUGe,VsS
3825ANNm,VsS
6399Pqsa,VsS
5713VbJz,VsS
4470cDoL,VsS
3335lari,VsS
2978hetH,VsS
2378xWtl,VsS
6959AIYp,VsS
6940hPMG,VsS
5800nKEy,VsS
4205rgFH,VsS
8762NXHj,VsS
8586dJQB,VsS
9744YPOT,VsS
7384nQqm,VsS
0818aotU,VsS
2171PgIR,VsS
0699bvaX,VsS
6158JwMl,VsS
8647RGhj,VsS
9715hfKO,VsS
2532AjAg,VsS
9625meBA,VsS
8378yvYn,VsS
2870siqD,VsS
9597GSQG,VsS
2252zvzI,VsS
2002MuCU,VsS
3965VdkN,VsS
9342bQMw,VsS
0722NWwm,VsS
7406QVtf,VsS
9142npxg,VsS
4699dXGS,VsS
4135Zepx,VsS
6737iFnE,VsS
7935YpGi,VsS
0775nxHo,VsS
5057XZlq,VsS
4850nuzd,VsS
1585EqGo,VsS
5700BdiS,VsS
2399xGmj,VsS
0140gFKr,VsS
3330hCuv,VsS
2796zldQ,VsS
6676CXsU,VsS
7512XvNB,VsS
2308HXHa,VsS
3545YwWI,VsS
8868jWaZ,VsS
5581jejB,VsS
4356jqSR,VsS
6777VTYF,VsS
8942DYZb,sTA
2343IDJb,sTA
8842HCJo,sTA
5881bJqT,sTA
9217fCwe,sTA
4107IvJK,sTA
8925PPSW,sTA
3922FNFH,sTA
4144aeJK,sTA
7980prcB,sTA
2279hlvr,sTA
6174MoYH,sTA
1424GPhA,sTA
7780DpKS,sTA
2672BPDT,sTA
3788JkMC,sTA
9221VqJx,sTA
6426foBy,sTA
8996sgbp,sTA
0704LjZr,sTA
0596fsrg,sTA
2573BjeP,sTA
1317lltp,sTA
3268hFkk,sTA
8613LQjl,sTA
8833FonG,sTA
7807RdFF,sTA
2715bkAm,sTA
4745VqmO,sTA
2129eUsV,sTA
6075kSWT,sTA
7409oPiB,sTA
8166hmtD,sTA
0724kmYX,sTA
0745pnny,sTA
8251DIRw,sTA
5788vqtu,sTA
3601TEbT,sTA
9293FTwc,sTA
1897hXwX,sTA
0333yrFX,sTA
9650jmkV,sTA
5141VhIY,sTA
1547IiXv,sTA
4545rywR,sTA
4730JyqK,sTA
4170HKbP,sTA
1786CvXz,sTA
3908Mhka,sTA
5789JzdH,sTA
2238OpUX,sTA
8527YyHD,sTA
6267tYIk,sTA
3146RRNw,sTA
4111xBnZ,sTA
5745nElF,sTA
1670ficd,sTA
1961zkPB,sTA
7620GIdq,sTA
6510iZCG,sTA
7241jJQc,sTA
0222JGnM,sTA
8577SwPa,sTA
4493vmOd,sTA
8673AyMi,sTA
6477Owxf,sTA
5363lQHc,OYd
6445kADD,OYd
8897koGp,OYd
3570xnnt,OYd
0838aSOK,OYd
2453YRap,OYd
6277fFhc,OYd
7676cAIJ,OYd
1776WoVv,OYd
5329ugmd,OYd
2870bXeQ,OYd
4894BYxY,OYd
8850WJSH,OYd
8020xMfD,OYd
4706LyLu,OYd
3642zBvn,OYd
9493CIMv,OYd
9753QsiZ,OYd
4811xmdi,OYd
5975gitc,OYd
2235GpQa,OYd
3084NqLd,OYd
9827lHpM,OYd
0733xeqL,OYd
6379xqsA,OYd
1493YfvN,OYd
7533XFFU,OYd
7957GXsk,OYd
1133nqoM,OYd
1096BPfl,OYd
8007GOGw,OYd
6586oguI,OYd
3077IjkJ,OYd
2486hGfb,OYd
7159YDvG,OYd
7447BcqL,OYd
8562MqNI,OYd
0671DKoc,OYd
3641vNHO,OYd
4612FrAN,OYd
3536xtFC,OYd
0944JYNu,OYd
8368hHSA,OYd
6847kAEM,OYd
6815EOVH,OYd
2129nHXz,OYd
1528yNDf,OYd
0213yBxT,OYd
1312wWBi,OYd
7604XZKL,OYd
0890LAiq,OYd
4682sWMn,OYd
6390cyex,OYd
4747XxeO,OYd
7825IRay,OYd
3770KIMs,OYd
4440jGJu,OYd
7337Xsrf,OYd
3871LUNo,OYd
3799BNSP,OYd
6601inRP,OYd
9144cHcr,OYd
1727YfHB,OYd
5305SFIk,OYd
4989DeWC,OYd
0017tkSN,OYd
9692BUww,6XF
0385RXuB,6XF
5327JsGw,6XF
7926EwJa,6XF
1126IFst,6XF
5371ecJT,6XF
1717rgvI,6XF
4467aRPD,6XF
0569mUnw,6XF
1715FLUX,6XF
8182LUMY,6XF
3757PmTc,6XF
6114kpWP,6XF
7565hxHj,6XF
0944lTcn,6XF
0728CSPz,6XF
8053mPOa,6XF
9143Hysb,6XF
0770QCWW,6XF
8639SmLJ,6XF
9293AEHR,6XF
1784PINK,6XF
2458IArr,6XF
6367GETQ,6XF
7279qAwM,6XF
3164NvKG,6XF
9882EGwJ,6XF
1818Anbu,6XF
8141ejpd,6XF
4795vPji,6XF
6040yLTf,6XF
2772zHxv,6XF
2445XeBt,6XF
5202LqdS,6XF
7397aTsg,6XF
0089BUoC,6XF
8630tfdO,6XF
8964NkOu,6XF
1201tGtr,6XF
0627HRZd,6XF
3586zzdo,6XF
2289naYb,6XF
3945chas,6XF
6140xEwx,6XF
7722EpFA,6XF
7548nfpy,6XF
8572rvgs,6XF
8571fCtc,6XF
5420jBBC,6XF
3936jtng,6XF
9651WrnJ,6XF
0376yzbI,6XF
6610AQDr,6XF
2399hPtA,6XF
3490aEMm,6XF
0257AmIf,6XF
3571JCoo,6XF
6717toTt,6XF
4310LTOr,6XF
6832aGvW,6XF
5604XGAP,6XF
9820qyCr,6XF
4008dIwD,6XF
3852KzyH,6XF
3516DDmF,6XF
5214SoJw,6XF
7438XkHr,pIy
9065FtPa,pIy
6783MIQk,pIy
2913zdmK,pIy
2953WaDp,pIy
6146nFUN,pIy
8512nFnQ,pIy
3609lcxw,pIy
4086rnGj,pIy
8403LwtI,pIy
9357KQyy,pIy
8100ImQi,pIy
9948uxKi,pIy
2682vaVg,pIy
2178xgsi,pIy
8174aPcl,pIy
1517oRgz,pIy
6872eSiI,pIy
1428KrSl,pIy
1972rvaN,pIy
9227VLbu,pIy
1031nHRJ,pIy
1441dVvV,pIy
6095qLij,pIy
2383Ueee,pIy
5754lrMn,pIy
4771KHKo,pIy
3119QTLw,pIy
7440XPSN,pIy
4385MMzp,pIy
2997knQh,pIy
6790Mipm,pIy
4178KGbE,pIy
6201fkcs,pIy
6949tjjn,pIy
7765DmnD,pIy
5157lLNV,pIy
0031nyjb,pIy
5829IfJH,pIy
3470TdcV,pIy
2386wWOM,pIy
9198dXpe,pIy
1388QGel,pIy
7416lmGm,pIy
1463TWvC,pIy
2021RpQu,pIy
1765zcZx,pIy
5453QYBw,pIy
3967KMrT,pIy
3367XRrq,pIy
4200VOEA,pIy
3798WJCx,pIy
4248DaFN,pIy
7058WIZS,pIy
3544vrjt,pIy
2813NgHa,pIy
0193qAQj,pIy
2609BnjD,pIy
3131JCaZ,pIy
6683QHKM,pIy
4412DvyK,pIy
8598scbo,pIy
9377TPII,pIy
2848qQDF,pIy
6114bJbZ,pIy
3809AwSF,pIy
7937VERc,T1w
6259NJxG,T1w
2917haAs,T1w
4424SPhK,T1w
2799oxFq,T1w
6318jFXt,T1w
2897gUKo,T1w
8035VTwq,T1w
1824eWrt,T1w
3184vmLc,T1w
4096Zjvv,T1w
0676kVsI,T1w
6721JBIz,T1w
4015ZQNp,T1w
0613ycuN,T1w
4336TpVL,T1w
9878Kgfw,T1w
6651mUsz,T1w
7337lycf,T1w
2826xFCI,T1w
8709zDea,T1w
5413WHZH,T1w
1015KYWu,T1w
3938tHBC,T1w
9976USlI,T1w
6274WqMP,T1w
5516DjPE,T1w
1198sLtj,T1w
4561SIJb,T1w
8416klwB,T1w
3337CsGQ,T1w
7372vUuk,T1w
2660pLPu,T1w
8544bzZj,T1w
9840OCyp,T1w
9364LDgC,T1w
3997IvTe,T1w
9513lGCW,T1w
6214yFFd,T1w
9489SarN,T1w
8776fEEN,T1w
1560otoB,T1w
3329fKQB,T1w
8692pTFO,T1w
4295PNgw,T1w
5352PPiC,T1w
1815MSWt,T1w
1516AXbA,T1w
0446xZWu,T1w
1859JUkA,T1w
3644DjYV,T1w
6188jqUv,T1w
1669JgLG,T1w
7366shGc,T1w
8873buzm,T1w
8984AUVy,T1w
6306KOTx,T1w
5136tNaS,T1w
4908eUJQ,T1w
3559pKLD,T1w
0273fXAH,T1w
2654OJYC,T1w
6481LLzh,T1w
5201vkVo,T1w
5112EHHa,T1w
8112DVsg,T1w
5345cHEm,lFN
0315AZIk,lFN
2090BBxU,lFN
5570EDJy,lFN
4506vZdL,lFN
7944zaUu,lFN
9416rcwu,lFN
3715JhFt,lFN
7791BduH,lFN
4172iOYP,lFN
6503OehE,lFN
0320yuve,lFN
9835kIaL,lFN
5846HGTJ,lFN
4435OYFM,lFN
3083CDHK,lFN
8504FRmv,lFN
8974dhIi,lFN
5915cBol,lFN
1779TWfV,lFN
3691iteu,lFN
1310ptYD,lFN
6909dPyb,lFN
9946xOlK,lFN
0370hBno,lFN
4265UQSL,lFN
1369ZwpK,lFN
3055XjEn,lFN
6014cDKE,lFN
6974CYnY,lFN
3498joIq,lFN
8857OGWD,lFN
7347wsnr,lFN
6554wmSp,lFN
4336xUZQ,lFN
7994rJXa,lFN
2545tvng,lFN
7436QzNA,lFN
5832qQzA,lFN
6362xnZe,lFN
1317qZyk,lFN
6143LXzM,lFN
3110QlSa,lFN
9605zvgB,lFN
6084QiKj,lFN
3989tRSt,lFN
1116yXxJ,lFN
2079yMPO,lFN
4695KtwQ,lFN
2261vNhV,lFN
6213Mbrp,lFN
9197cBYb,lFN
2181ptmz,lFN
1544Ccxc,lFN
2570LUIr,lFN
9232CzkH,lFN
3504OraD,lFN
2803aIJQ,lFN
5526vEFq,lFN
6462kNly,lFN
0379ZscM,lFN
8930sNMm,lFN
6999PIzd,lFN
8511fmLW,lFN
8554Dbrw,lFN
1127nPSj,lFN
7983QvOm,Ig9
4814OcOm,Ig9
7065ujFz,Ig9
5644AVRA,Ig9
8305xRgN,Ig9
7905WmAc,Ig9
7085ElZj,Ig9
5009Gzga,Ig9
7382aEWi,Ig9
9084QBHj,Ig9
4208bLUE,Ig9
5265kyxB,Ig9
3819OinE,Ig9
1511StnR,Ig9
1183pmld,Ig9
5876edKG,Ig9
0096LDgJ,Ig9
9545HDJx,Ig9
1741CatZ,Ig9
8440jNMB,Ig9
2302BkPj,Ig9
3087rzsf,Ig9
6008rMxY,Ig9
4665WWkq,Ig9
7794AxAZ,Ig9
8881zBZQ,Ig9
6187PvUM,Ig9
8354LWFF,Ig9
5130jExh,Ig9
6894eMrE,Ig9
0450oUlR,Ig9
3685VTbK,Ig9
7897TAVX,Ig9
4771MohT,Ig9
2704yXoT,Ig9
0926dETQ,Ig9
2382nsYq,Ig9
8013EwrQ,Ig9
5959LIRV,Ig9
8996TSqE,Ig9
9834PUOt,Ig9
8635SiHz,Ig9
7984ZrWH,Ig9
1898kbre,Ig9
4693lmcX,Ig9
1084vxDe,Ig9
0553OquG,Ig9
6828bMyD,Ig9
1565qnOH,Ig9
2733cFlZ,Ig9
8913kcFk,Ig9
3400pbPw,Ig9
2602sDdC,Ig9
8604lpog,Ig9
0912TFSr,Ig9
7443mDFL,Ig9
8235isEu,Ig9
9519agcy,Ig9
1280lYEy,Ig9
0491kHjM,Ig9
0219evNU,Ig9
6995ojtn,Ig9
0263GzVR,Ig9
9996yRhT,Ig9
0289pvPc,Ig9
3195cGVc,Ig9
6376xqNI,zki
1207skyD,zki
2575WZjG,zki
3709wYGO,zki
6055JbYu,zki
7282MkZp,zki
3129FXKH,zki
8524tWpy,zki
0378mcOJ,zki
9889xeRm,zki
7351TFoa,zki
6008QVso,zki
8021TsPW,zki
8009ATXA,zki
6059ZxGQ,zki
6783HKyz,zki
1992ZQiE,zki
6980QcYP,zki
5941wOHS,zki
3895RrUC,zki
7362Yatj,zki
9864RobH,zki
5781IOXA,zki
7926mTyr,zki
5969jjdk,zki
2064yMRU,zki
5247WOxT,zki
2017Gzin,zki
5388fVsx,zki
5022uPgT,zki
6396lZQS,zki
7966zoNC,zki
7763Bszo,zki
0261WDYr,zki
4654fXUM,zki
2144DVOj,zki
5315TDxY,zki
1577OuyN,zki
6419Hvnl,zki
0149fdYN,zki
0378Gczq,zki
3343KGNh,zki
1984cBim,zki
0247viXt,zki
6172vJzS,zki
6586pqbq,zki
4629xnps,zki
8202Eads,zki
4589UQul,zki
8378VRzt,zki
6144fRUv,zki
0923iLpC,zki
6825iiZT,zki
1264gwmH,zki
4848uTvN,zki
4873KOYH,zki
5979UYxc,zki
6830Umtb,zki
1731qoru,zki
7240apVo,zki
8897lPYl,zki
3057YuGd,zki
9890DyVP,zki
5322XfGn,zki
1732yxTp,zki
3068aKYA,zki
5328NmwO,FcL
1406iMQa,FcL
2358jQpX,FcL
3686jJTR,FcL
6049urDh,FcL
5893ZXXp,FcL
3365SGPq,FcL
1597voPC,FcL
5402EQrG,FcL
2164dxXq,FcL
1013kvPd,FcL
4559RBTE,FcL
5567cOtU,FcL
1655bbkD,FcL
3952Ahtj,FcL
4173NoLT,FcL
8603RJBb,FcL
9116nnmV,FcL
0667Ekxb,FcL
7571YwRv,FcL
5740Ttzi,FcL
7470SnKh,FcL
0103JpGu,FcL
5100wuGT,FcL
9556weAQ,FcL
8855jaYO,FcL
7337YfyZ,FcL
3662SYrE,FcL
8299MHFY,FcL
6101NRld,FcL
0278FNMM,FcL
5799iGsV,FcL
3182IKaU,FcL
8146MEdV,FcL
2869NkPS,FcL
3161dUnk,FcL
3734BfVt,FcL
6455aRJs,FcL
1149fmRT,FcL
0871IHNj,FcL
7503JNGi,FcL
7796uSBD,FcL
8221opkb,FcL
6176XCKM,FcL
3417iLmX,FcL
9046QEvr,FcL
9342aDgQ,FcL
9470AfAV,FcL
8029cwUA,FcL
8325Oiin,FcL
1883dves,FcL
7544WjQK,FcL
9970NKoL,FcL
3047fkMw,FcL
5324nVqM,FcL
6059qHOW,FcL
5549iWDH,FcL
5893xMBA,FcL
8486UMdq,FcL
4909Kesa,FcL
5333GIwV,FcL
9177EnQD,FcL
1610arxg,FcL
6496lGJo,FcL
7621Lmuq,FcL
0143eUjZ,FcL
1621qvbb,ZRe
2632jjlL,ZRe
3222nmNB,ZRe
0054LHLH,ZRe
4069UeEA,ZRe
7460rkSv,ZRe
3874iMDd,ZRe
3491SFtZ,ZRe
1331BVWN,ZRe
6616caMY,ZRe
5918YSeG,ZRe
7200nyHv,ZRe
9475gTKp,ZRe
8001oXUR,ZRe
7003ANaj,ZRe
2049cpqw,ZRe
2561GOSb,ZRe
0492AdRn,ZRe
3061mjPv,ZRe
9647GLJH,ZRe
9718LdRX,ZRe
2436aSua,ZRe
8791FZYl,ZRe
0114aiJS,ZRe
4946hcnS,ZRe
7488FRZw,ZRe
7043oqZl,ZRe
6992EkaT,ZRe
5341AMzJ,ZRe
7638VTNp,ZRe
7304EGgS,ZRe
2605Vuqs,ZRe
1406AfhF,ZRe
2091UhzG,ZRe
9147dNmP,ZRe
7475Ucyj,ZRe
1170ovWY,ZRe
8832eMTU,ZRe
2501QGvf,ZRe
2756LCZz,ZRe
1761vbbQ,ZRe
4569EwGc,ZRe
6377AmED,ZRe
1085EPDk,ZRe
8915cAdZ,ZRe
4501gQVU,ZRe
5527gAWu,ZRe
6373VeFK,ZRe
8468HrqA,ZRe
9325YPzE,ZRe
8300GTUL,ZRe
0067IFgk,ZRe
3681DrOR,ZRe
0943eowd,ZRe
5011erYN,ZRe
3853kNUr,ZRe
1287AaKO,ZRe
0588BcEU,ZRe
8236iQUU,ZRe
4365BnEm,ZRe
1790Ftll,ZRe
6281yqit,ZRe
0214UZSE,ZRe
6076VFhv,ZRe
6957VBLg,ZRe
9242wFux,ZRe
0453Viwc,iJK
3307MpKY,iJK
5716thmY,iJK
5660yMOp,iJK
0946mGIB,iJK
8451Shkk,iJK
5711ktKR,iJK
5309KwWQ,iJK
5887UgLH,iJK
3261ADWn,iJK
7417dxzN,iJK
6226pHvB,iJK
0324afsY,iJK
7507KlVu,iJK
9054UAsg,iJK
8857oBSN,iJK
0451SUfr,iJK
4175QLCD,iJK
0574gXgf,iJK
6308wlLv,iJK
3433Oame,iJK
8849pFLs,iJK
3038wWEm,iJK
4721GnHM,iJK
1015Sklm,iJK
3112hUCG,iJK
6438GZpC,iJK
2283DfYu,iJK
0644aqLv,iJK
5713ilRt,iJK
5141MoPO,iJK
3799CJCL,iJK
7450BzTq,iJK
2880iucv,iJK
2727smkD,iJK
3735kiiz,iJK
6619bePU,iJK
3281toSJ,iJK
8155tVxL,iJK
9552gnsC,iJK
3468BILS,iJK
5781PPjR,iJK
0877uBdL,iJK
5753CQMx,iJK
5071Kbra,iJK
6589KFHi,iJK
6621ALzU,iJK
8368Tuaa,iJK
1493KeTW,iJK
2168cXjI,iJK
2464WsAt,iJK
6054UqNO,iJK
1818VAMB,iJK
0821yoHx,iJK
8586gdID,iJK
5608BCmc,iJK
3290GSPo,iJK
6078umjI,iJK
8384mjHc,iJK
7927wNNH,iJK
9390ihlQ,iJK
8814UXrS,iJK
9272JzXT,iJK
5496ZxaI,iJK
7389evxO,iJK
4799jGoG,iJK
1006sxgM,rlZ
3233vTtY,rlZ
5307vfLB,rlZ
4375Romt,rlZ
2414bNFA,rlZ
9452HJXC,rlZ
0919SNUZ,rlZ
7402tGCe,rlZ
3037xkbL,rlZ
6334Rkpr,rlZ
9054Gflq,rlZ
2216GUZa,rlZ
3065sMVj,rlZ
7956opcP,rlZ
5914vonH,rlZ
6597jSji,rlZ
0088vzGo,rlZ
2562nUkM,rlZ
5558HRQv,rlZ
7686nPGu,rlZ
6884TCdt,rlZ
2941grCQ,rlZ
2490dsHV,rlZ
3068KDVk,rlZ
9556sszg,rlZ
6991BCVN,rlZ
8172EONT,rlZ
6960eZVW,rlZ
7299LZBV,rlZ
3957NCpt,rlZ
1106Bbay,rlZ
3485ZEji,rlZ
9322MLlE,rlZ
8290dWbh,rlZ
8577PKyJ,rlZ
9768UBQz,rlZ
0225spES,rlZ
9435WpRZ,rlZ
4630aElO,rlZ
7376IoUr,rlZ
6958jqgI,rlZ
2641qOAX,rlZ
4339Uskj,rlZ
9340tnNc,rlZ
0523pZav,rlZ
8920ZRsv,rlZ
0055XleN,rlZ
7549omvp,rlZ
8265DlID,rlZ
5589mJPI,rlZ
3070Chqt,rlZ
0115DfMu,rlZ
4516JwKe,rlZ
5145Bucd,rlZ
5283ocHY,rlZ
3719CveB,rlZ
8698ogja,rlZ
4081fJvt,rlZ
8047jjgs,rlZ
4320SkEE,rlZ
7755KzCo,rlZ
2831jHMP,rlZ
8053wJkQ,rlZ
0330dKKv,rlZ
7555umjr,rlZ
7126SjNn,rlZ
4614Xomm,Fhc
9509oosi,Fhc
6305hFve,Fhc
7716ksVE,Fhc
5908LQKs,Fhc
2961ajEP,Fhc
8710Hbbv,Fhc
6431NjCN,Fhc
4304aOCu,Fhc
7389pqiN,Fhc
1436KcKX,Fhc
1079qwwX,Fhc
5281UlWt,Fhc
4423pgab,Fhc
2569Fwvh,Fhc
6837aKPQ,Fhc
9924XOLS,Fhc
1767nHhQ,Fhc
7033cxHg,Fhc
1151mhGb,Fhc
3013AGWN,Fhc
2008vHdT,Fhc
7505LoZq,Fhc
1518bqUA,Fhc
2347dJYU,Fhc
1857XHVX,Fhc
5637sgxv,Fhc
2296lXMr,Fhc
3663onVc,Fhc
0271MfVT,Fhc
1001UByy,Fhc
3320SXYu,Fhc
1385mXAs,Fhc
3418wMyM,Fhc
9495RqNT,Fhc
9248cuof,Fhc
5208yPou,Fhc
8014aFUQ,Fhc
7309wpXm,Fhc
6807dHMs,Fhc
1403fYXr,Fhc
8331lErI,Fhc
5789kSFT,Fhc
8621RuMa,Fhc
1704hVYk,Fhc
2217kHvE,Fhc
1234bydl,Fhc
1899owuy,Fhc
3397yJUT,Fhc
0893BaGb,Fhc
7621wIAX,Fhc
4216OoWM,Fhc
7705qXay,Fhc
1020YlKl,Fhc
6364byRB,Fhc
5191cEUX,Fhc
4892PssW,Fhc
8915ggCF,Fhc
9808BkqX,Fhc
1150YDZc,Fhc
5114wDil,Fhc
4731Qpjs,Fhc
1346GMWJ,Fhc
8572xsCX,Fhc
8587pfpl,Fhc
7200nzBJ,Fhc
6095mTyt,CMB
3214ncYL,CMB
4450NEUm,CMB
3143zxgE,CMB
9066OCUA,CMB
1164KNoR,CMB
8826svMf,CMB
2009fOeG,CMB
5474dTeL,CMB
0388soBF,CMB
4886GLEZ,CMB
4383sXVZ,CMB
8663PqBN,CMB
7718nwhm,CMB
5479imUP,CMB
9483rAjs,CMB
2135xjYl,CMB
2527eiWu,CMB
9701regI,CMB
9502fApn,CMB
4916ziQT,CMB
9486gzqb,CMB
5750xncx,CMB
3162xRtf,CMB
4225gECm,CMB
6114vghU,CMB
8491HRIM,CMB
1166exWC,CMB
2850ERuv,CMB
3083LJrj,CMB
8387LGPZ,CMB
0162COtl,CMB
3946Ydyg,CMB
3568Rizx,CMB
6142XdwH,CMB
8440VGrN,CMB
1578aUVA,CMB
3148IQey,CMB
1669FGig,CMB
5064weST,CMB
2390FkYl,CMB
9512bzoa,CMB
0685HNAC,CMB
0316ybae,CMB
5830JINP,CMB
8176pZAG,CMB
6108URPr,CMB
7029vvtM,CMB
8693xPIr,CMB
6190GzVr,CMB
7857NBrg,CMB
4619QMOx,CMB
8927vcTI,CMB
2479qexL,CMB
5818QWtN,CMB
1294VYRn,CMB
3998gbNN,CMB
4887tHPs,CMB
5570KrDO,CMB
8918wFMo,CMB
1411TymO,CMB
8178GhLq,CMB
6394qVvb,CMB
3409PlJd,CMB
1615HUfc,CMB
1186PRPL,CMB
2194EPEO,SkD
7391gQJO,SkD
4845rzfM,SkD
1033BGNF,SkD
7577EEvU,SkD
7984fhgc,SkD
8027pxzx,SkD
3161SUdL,SkD
0142Fkxu,SkD
2350qmdv,SkD
3335lGTd,SkD
7475HlIU,SkD
7771MqUi,SkD
2008ykaX,SkD
3334XUrx,SkD
8414aQkp,SkD
8213JOrZ,SkD
4729aLYl,SkD
8464GHMv,SkD
6409FaAg,SkD
7324wVsB,SkD
7067pOCP,SkD
5969RoES,SkD
9002YSrw,SkD
4759SfvF,SkD
6646ImHj,SkD
6764ovwV,SkD
1733Faub,SkD
6896SljM,SkD
6425EhqE,SkD
0123OeiY,SkD
4793CIfS,SkD
6902LFSo,SkD
1020NGgy,SkD
0717WjRa,SkD
0028RWrA,SkD
2006uoIK,SkD
7092UfLn,SkD
0257GFZd,SkD
9669rteY,SkD
6180OBFe,SkD
3071xjdQ,SkD
0560FDwn,SkD
7225mqMH,SkD
4852MFjr,SkD
2153tvqQ,SkD
9633yeGb,SkD
8173lCPm,SkD
8920RBpF,SkD
9442xiiR,SkD
7371Bxjr,SkD
4852zedo,SkD
9803KOlo,SkD
1448DEAJ,SkD
6799DHDE,SkD
3300AjqW,SkD
9019QRsB,SkD
1981Bxpu,SkD
9436YSuo,SkD
5767ejrz,SkD
8249TSFe,SkD
8591kYuB,SkD
0026HaWU,SkD
3156XNjb,SkD
0017wmRE,SkD
6750aiVr,SkD
2300weqX,eCK
0256AzYN,eCK
2255wbHA,eCK
9136ogDy,eCK
0456mhKo,eCK
9193qSEV,eCK
2347sHQh,eCK
0503anbQ,eCK
4596uGpu,eCK
5597WQdM,eCK
3754drow,eCK
0876wlZI,eCK
7223bJEf,eCK
1513pudN,eCK
4628qtYt,eCK
5434EJqf,eCK
4882MzIm,eCK
4515AtNl,eCK
0294xBWR,eCK
8674ScoA,eCK
6817hNRm,eCK
6892gHcv,eCK
7427uSwP,eCK
1677UuJE,eCK
8243xkvs,eCK
7522EmhL,eCK
8245PrHM,eCK
3409kynP,eCK
1044ibof,eCK
3623SVZM,eCK
6515sDhw,eCK
8067UWGA,eCK
0322xdMP,eCK
7252dSmk,eCK
5597OQJK,eCK
8171ILYc,eCK
9544pRdN,eCK
1467btQg,eCK
6903EMUI,eCK
9544jzpM,eCK
0496HpcB,eCK
2137ixnT,eCK
4868sDyu,eCK
6742EAol,eCK
7778oORO,eCK
8009VhNX,eCK
0679mJTH,eCK
7668qPof,eCK
8604idwN,eCK
0568leOg,eCK
7224grIf,eCK
0586oUyP,eCK
1291TKfh,eCK
7311AtRL,eCK
3108IRib,eCK
1253fiep,eCK
2276mbKm,eCK
4008iTCn,eCK
0223GdbL,eCK
8110Bawb,eCK
9985OKQH,eCK
0829cAvK,eCK
4427cSYe,eCK
5664StTG,eCK
8270njyg,eCK
6454ZpIi,eCK
6139UPqe,SFT
0229kgaO,SFT
3941OtvA,SFT
7359SvdN,SFT
0806pYlS,SFT
5814jADc,SFT
9017oQyV,SFT
4842PVlz,SFT
6836BjVO,SFT
5157eVuv,SFT
4437IafY,SFT
8997GIci,SFT
9993qOMV,SFT
7826hJkJ,SFT
3754bkGS,SFT
5310XADn,SFT
2980PjFW,SFT
3317sGBU,SFT
1511yQTD,SFT
3588LIFf,SFT
1429kugt,SFT
1703kyyW,SFT
2092hINu,SFT
1307Ohit,SFT
4707YefS,SFT
4952EBzb,SFT
6692Igfp,SFT
6271zJzh,SFT
0786owfq,SFT
0568jtgN,SFT
7046MKsO,SFT
9333Snrk,SFT
7566KYGy,SFT
0933EdpR,SFT
1969DCQl,SFT
9980yKHD,SFT
8544JyPZ,SFT
5894DZqG,SFT
1634rdtj,SFT
5706MHxg,SFT
1766dBfG,SFT
1973JtVr,SFT
6842uPzO,SFT
3312JReK,SFT
2288HFaN,SFT
6659WxnB,SFT
6338nnjE,SFT
2775xcsu,SFT
8585WUVm,SFT
3552gBwt,SFT
5055aqMl,SFT
4429LEyH,SFT
1524KwKk,SFT
7859Rphr,SFT
3968ZcKM,SFT
7938BTMI,SFT
6884yIek,SFT
1567HDOD,SFT
4475xJjf,SFT
7030tYtR,SFT
7012PzhZ,SFT
7296wKHm,SFT
4930qaCH,SFT
8867VTcO,SFT
7026RPJe,SFT
7006gmSi,SFT
0058xsBh,RP4
0542BjVb,RP4
7959jhso,RP4
2868fVIL,RP4
5369UYeB,RP4
7460EHhb,RP4
2765DoPY,RP4
8188QzIQ,RP4
4976Iwas,RP4
9729cbHz,RP4
2977KmiP,RP4
8083BvPm,RP4
1699xhAS,RP4
4162EQBD,RP4
7393vgQx,RP4
4750BfnV,RP4
5204uhoz,RP4
8728GeUm,RP4
8816Phxv,RP4
1049lWzi,RP4
7732caAh,RP4
0029efPx,RP4
4934EKCl,RP4
3658FEko,RP4
0410tHav,RP4
0536OUmU,RP4
0149jmSp,RP4
8337kpLI,RP4
2860qJIf,RP4
7336JPur,RP4
8638Qlup,RP4
3442jXlX,RP4
8622fSkk,RP4
2223bJGW,RP4
9311qOLE,RP4
2389pdio,RP4
7330ictx,RP4
6113aLiG,RP4
3164pgju,RP4
2871MDhj,RP4
1384eoLe,RP4
6175fIIX,RP4
5501azGm,RP4
8451uWBo,RP4
5720URKX,RP4
6732VhkB,RP4
2120Qjkj,RP4
8316ooQl,RP4
8202bYIS,RP4
7100MgHh,RP4
5467PQli,RP4
3568CFOp,RP4
9691dMrJ,RP4
8472fPWP,RP4
0320kdON,RP4
8972HPJh,RP4
7501EYuv,RP4
3054QoXP,RP4
6102fnLo,RP4
9000BDCZ,RP4
2490teoq,RP4
6848tIOP,RP4
2207pWEE,RP4
8103nLSL,RP4
3406jhAN,RP4
3915fmph,RP4
6963mRlO,zQJ
6823JHrb,zQJ
9821bTRR,zQJ
4942jSaw,zQJ
3796yhRH,zQJ
3424ntte,zQJ
3453DqGg,zQJ
1114obYk,zQJ
8403hlUb,zQJ
4672Xuua,zQJ
0146alfO,zQJ
1290ePlu,zQJ
0266zefR,zQJ
1457osre,zQJ
3839EMRp,zQJ
1185jXkK,zQJ
3132Aqfu,zQJ
1430LIFt,zQJ
9857ucac,zQJ
3014aMgB,zQJ
2742CPYM,zQJ
3157qFyL,zQJ
3221pBBZ,zQJ
5721TQzr,zQJ
8720WXhr,zQJ
6056nlro,zQJ
7249tkPA,zQJ
7860lXRr,zQJ
1250QZTD,zQJ
9682pITz,zQJ
8727nOmD,zQJ
0204GRbR,zQJ
8370aEXX,zQJ
1442IwTx,zQJ
3405iSUd,zQJ
1634Xtpz,zQJ
3820WtNR,zQJ
1641VZCp,zQJ
9504SaWK,zQJ
1764hOuu,zQJ
9546tfrD,zQJ
4758lwWE,zQJ
7062WeIL,zQJ
3773tJXf,zQJ
1705ILtz,zQJ
3151qeHH,zQJ
0451uLvQ,zQJ
3053jIDQ,zQJ
9294uIWS,zQJ
8219clbc,zQJ
8085lvOU,zQJ
2240JqRq,zQJ
8126hCGD,zQJ
3148ovsf,zQJ
8368BoNf,zQJ
0354SxSC,zQJ
6984GcXL,zQJ
7999olhV,zQJ
4004etmP,zQJ
0947xkqY,zQJ
1294Mhya,zQJ
8862wGgy,zQJ
5119XFUA,zQJ
9138vnjH,zQJ
6391BxTP,zQJ
1556xyBM,zQJ
1758qsNf,GR9
3807ZCEC,GR9
0072THBf,GR9
0260VqoM,GR9
9262xiVZ,GR9
6633cFFG,GR9
2548HEVN,GR9
5029rlxo,GR9
6199nFbQ,GR9
8076Toax,GR9
4811EpcH,GR9
8152fQnV,GR9
2745cUed,GR9
5295QOlZ,GR9
1743XlLS,GR9
5227FOsG,GR9
1314LtMo,GR9
1661Dkzw,GR9
3773wmhC,GR9
0173wcXl,GR9
6549LCbh,GR9
8391ADLd,GR9
6428sEJx,GR9
2321DpIF,GR9
0924nFDS,GR9
6368CXHv,GR9
8749Ibmr,GR9
1834apMk,GR9
2157Eahp,GR9
0508Dtuh,GR9
2871Byxd,GR9
0934YCEK,GR9
8963OoXX,GR9
1122tPej,GR9
2437rJjw,GR9
9157zEEL,GR9
4469RdgB,GR9
6723vzWP,GR9
2286ToQD,GR9
6165LLLJ,GR9
9102NsHb,GR9
0101MuQD,GR9
2259mpKV,GR9
6568VDnl,GR9
8021psma,GR9
8496rfAV,GR9
2814fZPh,GR9
3645tRSx,GR9
1079jWrp,GR9
1907Gkuv,GR9
8140nhLS,GR9
5308vQif,GR9
8492zTjt,GR9
2020dirK,GR9
4718nZEK,GR9
2775ofYT,GR9
2488klBp,GR9
0150HJNM,GR9
1077nCNW,GR9
8697osyL,GR9
8066ZYYo,GR9
5295nFrh,GR9
1886BXMh,GR9
5206JjBq,GR9
6839VDuB,GR9
9154jjxk,GR9
6421OaBR,ZoR
5577QRLc,ZoR
6650uKcG,ZoR
3738graG,ZoR
3663plxM,ZoR
9605leCC,ZoR
6055QMEH,ZoR
1441xvAh,ZoR
7755wJBO,ZoR
9992YwoA,ZoR
5225bCAa,ZoR
7005VbDs,ZoR
9871CiMe,ZoR
8132WgWX,ZoR
8092ZOpi,ZoR
3770wzyL,ZoR
2529rKeh,ZoR
2273AcxG,ZoR
0244vJFE,ZoR
8810reIS,ZoR
1841dfBI,ZoR
4640hGtU,ZoR
5094buzd,ZoR
5948rBvt,ZoR
9006nKcp,ZoR
7246upRQ,ZoR
5743btyg,ZoR
8265fBiZ,ZoR
5769BbPI,ZoR
6746Pmzi,ZoR
1426VTZm,ZoR
6013vvOC,ZoR
9112BUra,ZoR
3927ndLx,ZoR
1266cPLK,ZoR
4213PooD,ZoR
1656LPry,ZoR
7348TThX,ZoR
2445cZXJ,ZoR
3157CciB,ZoR
2072Lsqb,ZoR
9306aloH,ZoR
9315VXIH,ZoR
6412idyh,ZoR
6006vHsP,ZoR
7296Ihof,ZoR
5715GPdf,ZoR
4528cPJf,ZoR
0850AsYQ,ZoR
0002ILzi,ZoR
8087uIlY,ZoR
3990Tqwp,ZoR
6858gEFT,ZoR
3519folO,ZoR
2265OSLy,ZoR
6602LCEP,ZoR
4206TKoR,ZoR
7406ITdP,ZoR
3330NCny,ZoR
0519gdkM,ZoR
4770HjMO,ZoR
2100tkIN,ZoR
9436WQOJ,ZoR
5706MsxO,ZoR
3684EElY,ZoR
3182ntUk,ZoR
9798mbrG,MLv
0205eNSn,MLv
8720dzJk,MLv
1696AoXx,MLv
2912FSRV,MLv
6930NTzC,MLv
6067AJnO,MLv
3165cJTR,MLv
4865Pvqu,MLv
1608GhKP,MLv
8762TRxZ,MLv
0141qeMT,MLv
2301JKHz,MLv
1328RXtZ,MLv
3696qhSm,MLv
0885uyxQ,MLv
6405GXzY,MLv
2934gEFF,MLv
3947WnhB,MLv
0057snHs,MLv
2919OIkw,MLv
8373EDMo,MLv
5736YrkR,MLv
0685AtaC,MLv
1205jDnm,MLv
0784avJL,MLv
4998nCVl,MLv
8570NOJx,MLv
1702VtNP,MLv
2739wHge,MLv
7315DrIP,MLv
3911boEJ,MLv
8768rRQH,MLv
2658ygha,MLv
0529YWNk,MLv
7502CEJq,MLv
6364cNKN,MLv
6591MgsQ,MLv
8690TGYi,MLv
3188oOEf,MLv
4119KiYH,MLv
3637tQZO,MLv
4434OxYU,MLv
7947lCnT,MLv
6301xvSK,MLv
6082cktv,MLv
5991tnGW,MLv
2178wkxu,MLv
1424QLrD,MLv
9319VGBR,MLv
9974tOlX,MLv
8912gVbX,MLv
0781VKmd,MLv
7102HQet,MLv
4180Hdok,MLv
6563vxhL,MLv
3342Korx,MLv
6582OrRY,MLv
4721BeQe,MLv
5875aSVv,MLv
9696NgUI,MLv
7445htpL,MLv
9020sGfg,MLv
9076VIII,MLv
9956dreo,MLv
9156ZRfH,MLv
1930Yjdh,rDw
2802Jgtl,rDw
0352uBQg,rDw
4557KetN,rDw
4951JZQm,rDw
6966dYSJ,rDw
0456FMZw,rDw
4532kmny,rDw
7758dbhB,rDw
6929zNba,rDw
1828eBDv,rDw
1429cdqK,rDw
2822oJjs,rDw
1207eMnr,rDw
1648YKeh,rDw
0004OeGP,rDw
4349rSrL,rDw
6984ddTJ,rDw
1555fmdG,rDw
7387fIOf,rDw
6647mVIv,rDw
1777BFcF,rDw
4880GTkG,rDw
1107HuaY,rDw
7785ZBpa,rDw
0006rjUz,rDw
2380kQco,rDw
6641hUZb,rDw
1656GrWO,rDw
7404jfhA,rDw
5669fAGc,rDw
4324nLon,rDw
7558MyEC,rDw
0870Rvmt,rDw
8933jWEW,rDw
6138bdhm,rDw
4706ncRO,rDw
3817oOzg,rDw
8392qLcQ,rDw
3732YAZZ,rDw
8178kwaj,rDw
6548TRSy,rDw
6927LQwe,rDw
8296HfrU,rDw
2915SAow,rDw
0611oXiI,rDw
1235FSTk,rDw
6983PmuA,rDw
8757glJO,rDw
3993zSMg,rDw
9435nHEX,rDw
0342mDeF,rDw
1000lwhD,rDw
3073CdKh,rDw
0402Sayl,rDw
0347QRNj,rDw
1677OkWr,rDw
6735XmVT,rDw
8001KHOs,rDw
7523nfiM,rDw
7226hnCL,rDw
1598zwYC,rDw
0850RAMR,rDw
9076CLsG,rDw
6119Vfog,rDw
7459JYDr,rDw
7207grom,S8Y
4588AJRR,S8Y
3135HxxW,S8Y
1391CWOy,S8Y
2691YdHZ,S8Y
2283qiKx,S8Y
4030lOWv,S8Y
3836akdJ,S8Y
6201oqwL,S8Y
7786ypew,S8Y
0088QQfg,S8Y
2807kSia,S8Y
0746MmXa,S8Y
9117MjVH,S8Y
7819xvyy,S8Y
0623ZmxP,S8Y
7915Syqx,S8Y
7643LgTD,S8Y
4646RfHg,S8Y
7837zyAs,S8Y
9962yqdR,S8Y
0880actW,S8Y
5418wfRR,S8Y
8713ZTty,S8Y
3896zTxe,S8Y
0754TmKC,S8Y
8001fcyi,S8Y
6428SGQV,S8Y
7353GJnT,S8Y
9492oNeW,S8Y
5853wDMj,S8Y
3791hAlB,S8Y
0474tahd,S8Y
2525EuIK,S8Y
5617FFUi,S8Y
9453GEWi,S8Y
7006KeSh,S8Y
4248wHJG,S8Y
7701zWyX,S8Y
8632lWYG,S8Y
8951HlzH,S8Y
7293AGBO,S8Y
4396aGvs,S8Y
9444TYZs,S8Y
1267bCXv,S8Y
5837vJMR,S8Y
5235mQkn,S8Y
4936EVZr,S8Y
4019xTyf,S8Y
3227ObyH,S8Y
8474TKzU,S8Y
2803chLN,S8Y
7342fbYT,S8Y
6736OsOc,S8Y
6452BVBw,S8Y
6453dGYw,S8Y
0963KmDN,S8Y
5947IoNM,S8Y
2880RKnl,S8Y
1433cHOe,S8Y
8458GOSY,S8Y
9793FiAy,S8Y
4805ILER,S8Y
2556NgPx,S8Y
2365QLtI,S8Y
7643iRRb,S8Y
3914arKG,nX0
3162rIwZ,nX0
9705Npif,nX0
1338HwmG,nX0
0094AUYa,nX0
3972AYcu,nX0
5914VadI,nX0
0515cnRA,nX0
8290rNVW,nX0
2439LgbV,nX0
2865jMBK,nX0
8564LNnx,nX0
0663fDQL,nX0
3504vkTv,nX0
9782PRcv,nX0
8706cOXk,nX0
1637xLGN,nX0
1210XoOP,nX0
2824oqXB,nX0
6940qOpe,nX0
4858IBcY,nX0
2703vKNk,nX0
1309Aexl,nX0
7687xAEs,nX0
2024pwEr,nX0
4625FgCA,nX0
8649DDFl,nX0
1067HiKr,nX0
3127VBcH,nX0
3643TlGN,nX0
9526PihI,nX0
7190OnAe,nX0
4953nmnU,nX0
1833jXdh,nX0
3770MdHS,nX0
4427bJIu,nX0
6700ZAau,nX0
1437Loce,nX0
6922oYbJ,nX0
4677zwJo,nX0
9371IVSc,nX0
1127TnEb,nX0
1049eXBZ,nX0
4113EkSK,nX0
8458pzYV,nX0
2306KPju,nX0
9766iDui,nX0
2708VheF,nX0
5565LWjr,nX0
1576GYmr,nX0
7644nbhk,nX0
0610JFnl,nX0
3319roKd,nX0
2822LsLx,nX0
5965UMdC,nX0
9648OsKE,nX0
7614EPmu,nX0
9652fsrQ,nX0
3591IAQr,nX0
1451DzYX,nX0
8351GGBg,nX0
8572mBTf,nX0
8970yGPz,nX0
8600Dvdm,nX0
2088QVBv,nX0
2647yGlt,nX0
1158VVbQ,iTN
0341LXhr,iTN
0131dqPj,iTN
8010oZWf,iTN
1097WHcQ,iTN
4697DFQW,iTN
5432dRpD,iTN
7922JjIl,iTN
4069McXL,iTN
5460IIyt,iTN
7064XTXC,iTN
5574Djsj,iTN
2664Adpa,iTN
2355dCqC,iTN
8807rScA,iTN
0132CyxN,iTN
6329TmQW,iTN
7435szrz,iTN
7067jqIG,iTN
4884GLXP,iTN
0369hLaH,iTN
3226zUuJ,iTN
9453SpYV,iTN
7160BoVT,iTN
0216hTgU,iTN
5799jaLf,iTN
0843zyxl,iTN
6031JDIt,iTN
4156eEpy,iTN
1255kciJ,iTN
5936qAJM,iTN
8574OXgJ,iTN
1717fOcW,iTN
3692cslz,iTN
5073RhlB,iTN
1654TjkH,iTN
9947JNYc,iTN
9357EVBB,iTN
5363PdXc,iTN
2703fyAV,iTN
6082HpTP,iTN
8732xmHF,iTN
0933vZCt,iTN
6362lRlW,iTN
5497Cdkv,iTN
4115MzKg,iTN
2996PEjR,iTN
1526gOHc,iTN
5963LdxT,iTN
8328oJmS,iTN
8746FHHs,iTN
4329Kcxy,iTN
2921ccLW,iTN
5932cTUq,iTN
9391Iytx,iTN
7749UEaZ,iTN
3009xizL,iTN
5071tMBc,iTN
2104UQJp,iTN
7807gdKu,iTN
4767xPSS,iTN
4041ZrCp,iTN
9573lpDF,iTN
9223hEkR,iTN
6458AeAb,iTN
7910lKQd,iTN
0664VHmk,71P
0910HhmI,71P
8859PWyY,71P
7376jWsc,71P
1842DXPw,71P
5303nDUK,71P
0699rlWJ,71P
2502qiIG,71P
7713FJdC,71P
5202rHdv,71P
0336nPca,71P
5746bEob,71P
4231MOTN,71P
6018qUMb,71P
1289Gxde,71P
6169ikuf,71P
4174gcAM,71P
0300OYmu,71P
3366JemK,71P
2865lYep,71P
7171Amgx,71P
0988gYGC,71P
7681ucYl,71P
9230Uilj,71P
2599zXVU,71P
6991dJwX,71P
0874DpeE,71P
6515HJqb,71P
3508qgRS,71P
5227jiIF,71P
6926pSzB,71P
7994pSwv,71P
5601hCLV,71P
0182hqGq,71P
8142Ofsa,71P
4120EdMx,71P
3970vAoj,71P
0387ZANL,71P
4490uJfR,71P
3154GQxv,71P
3819EQWh,71P
8253WsZS,71P
5387mqUX,71P
2301HJoJ,71P
0786wHEI,71P
7296FQSI,71P
1281WgyV,71P
4779OKIH,71P
3634RZlq,71P
6854UdQl,71P
6568qlbJ,71P
4269NZOY,71P
9401kCFQ,71P
8857aUlF,71P
2115ifya,71P
0190QcKs,71P
9122jwkd,71P
8915WZjy,71P
2695kNnf,71P
8024tRvD,71P
9052abOu,71P
0424FFBn,71P
3574Xmez,71P
2124XQoy,71P
2590VDfz,71P
3172CteF,71P
3937BoMV,dMV
3269HUwS,dMV
3485vnKG,dMV
0199eBhU,dMV
7335aQUm,dMV
4707sLbO,dMV
9274zfTD,dMV
4763XGHn,dMV
9260ikVG,dMV
4036pyLq,dMV
5171FQiB,dMV
3505HtZB,dMV
4340FLWR,dMV
4801cBdw,dMV
5624DYdf,dMV
8697YuFO,dMV
4460ONJG,dMV
6309uNbD,dMV
3626WemG,dMV
6433HDwY,dMV
0719XhjZ,dMV
6805zidh,dMV
7155DdOQ,dMV
8629feas,dMV
2119DDST,dMV
7986ZVHW,dMV
5727wCka,dMV
1171yJaR,dMV
9200RKLv,dMV
5120rUWG,dMV
1685FsSL,dMV
7174XSgG,dMV
2295cQQJ,dMV
3624LIKu,dMV
7873lqTh,dMV
3315kfhF,dMV
7546BkII,dMV
5514hkpW,dMV
0205eivD,dMV
3708edIa,dMV
8296JtBl,dMV
2708yJiF,dMV
9754UUBA,dMV
1985PqtP,dMV
1925Prlc,dMV
7024ZRuG,dMV
4735TUgR,dMV
9439TlUr,dMV
2285IGzO,dMV
6741sCTV,dMV
6746iGVl,dMV
6660YCcw,dMV
4928Bpac,dMV
9021Ttrq,dMV
7365YWnV,dMV
0946QqnB,dMV
8113bSfR,dMV
0956kFWh,dMV
1482hnKp,dMV
3950SBMx,dMV
3025opqW,dMV
6370yphq,dMV
9856hlwR,dMV
5300tnQG,dMV
8964srZL,dMV
6867ATbB,dMV
9451icvY,H7F
0797mMso,H7F
8545CWtJ,H7F
2337usrZ,H7F
5738nwoB,H7F
4094aFeG,H7F
7515GoSb,H7F
6030TgHz,H7F
1563Rdzd,H7F
4684gNdo,H7F
0097ygTF,H7F
4791jOab,H7F
2436DTfv,H7F
4264fGPQ,H7F
7575KWFL,H7F
9812nlsp,H7F
1926YmYF,H7F
7796oaGN,H7F
1068lSXg,H7F
0434FtdS,H7F
3839muxY,H7F
7110EPHd,H7F
7179qkyH,H7F
7997kJvz,H7F
4843taGk,H7F
0052WdRN,H7F
0157RbLk,H7F
2759bCWw,H7F
7838BeKT,H7F
2719nqbB,H7F
9660iqyb,H7F
8615vyTV,H7F
4713JENJ,H7F
8400dkLr,H7F
0208MKhg,H7F
2132tbzk,H7F
3022wwxV,H7F
9548xfhv,H7F
4462pyqL,H7F
7768XIUD,H7F
1450vrrY,H7F
1042mTTD,H7F
2107Whft,H7F
6917hcEe,H7F
1695LWrI,H7F
3886Rhwm,H7F
2895CDgr,H7F
4883lwDv,H7F
5767kFqu,H7F
5085SLiN,H7F
9936OTTs,H7F
9717KFJD,H7F
2438cPjT,H7F
8866hliF,H7F
4942QYvA,H7F
6715kLxd,H7F
2409oulr,H7F
0671wubZ,H7F
1698hbWX,H7F
9397kXXA,H7F
4524EIEB,H7F
7908HBra,H7F
6504VwJL,H7F
8863JNOd,H7F
1051tnPM,H7F
4046cHNZ,H7F
2879JSyU,aYG
9917vYht,aYG
1858pGld,aYG
7562ZwzP,aYG
2334PKbl,aYG
2316tAmU,aYG
9762fSgo,aYG
3420LIZf,aYG
1726gvxI,aYG
0880xDMG,aYG
7976GQwc,aYG
7477icaX,aYG
5647aDzl,aYG
8855yaEM,aYG
0896GfYr,aYG
1236MyZV,aYG
7673dAOi,aYG
1590FMjv,aYG
0535KVWX,aYG
7822qPSz,aYG
5369Ihur,aYG
6294CxVb,aYG
5917Eusb,aYG
0757tIpO,aYG
8459JlTv,aYG
3624xYgC,aYG
6005PfvM,aYG
5338CEpb,aYG
2409aFCK,aYG
0485yiWm,aYG
6015SJSN,aYG
2669aOCL,aYG
0322uUfk,aYG
2081zxcW,aYG
9053AeFe,aYG
9507heJk,aYG
5611kvPj,aYG
7593VOLj,aYG
6609mZkH,aYG
2115XwhS,aYG
0490jYos,aYG
2408iHlS,aYG
8184xVyQ,aYG
4488BUsp,aYG
0316RxQj,aYG
2587QPea,aYG
1300cDZX,aYG
5394JNUz,aYG
7259BvDT,aYG
0722TbBH,aYG
7235qBht,aYG
7725fDNH,aYG
6867NlKh,aYG
3409xyYv,aYG
4801JoUg,aYG
5767xzqq,aYG
3837AMDJ,aYG
1551oGob,aYG
7295VUaB,aYG
9116cSoN,aYG
8455ptnI,aYG
0381tLtT,aYG
1589cYDw,aYG
0935MyyE,aYG
1828sLiq,aYG
2465Ndrj,aYG
5987aDim,X17
2792bmQR,X17
2684zbmE,X17
3224zoKb,X17
3814reLK,X17
6147chil,X17
5177qozF,X17
6329Rfyh,X17
2062FpXD,X17
5909fhfz,X17
8087pxUT,X17
9334XhgA,X17
3036PVxw,X17
7347PRTF,X17
6980Tvvm,X17
3307BrpX,X17
7097LjbS,X17
7040WKGT,X17
1642kjri,X17
2746uFQl,X17
0447ZICB,X17
5301oZIP,X17
5465lCwH,X17
5633HiSV,X17
1718XmsM,X17
4916Qhnn,X17
5674DJNE,X17
9150rvpo,X17
0639tpQH,X17
0673XKaI,X17
6850eOvg,X17
2318psiR,X17
3125CAhc,X17
5818Dzzn,X17
3176dCLr,X17
1306BOgK,X17
4211HFOI,X17
0171xXyq,X17
8639qgcc,X17
8872MYwj,X17
3893YpdL,X17
2138fNPf,X17
2248lvqZ,X17
7506InNi,X17
3636LkZb,X17
9247cWmH,X17
6829nJqc,X17
8249ghZu,X17
2365zbBU,X17
6104xovA,X17
5296Rqbx,X17
5344rjfd,X17
8719yALQ,X17
3762rePn,X17
3154YfFs,X17
7499uEYz,X17
4143bsPc,X17
4570wsAl,X17
2104RjLa,X17
5764YluY,X17
7898wRXG,X17
7431fAUZ,X17
9481tFyD,X17
7231UaQJ,X17
7096YBMZ,X17
5195qwBn,X17
4904BcMl,fly
5893siRw,fly
4815FzAS,fly
2219ssgG,fly
9627MYlN,fly
2545UTtH,fly
3882oXhR,fly
5025rxcI,fly
0678VLzc,fly
1214mOuA,fly
0270ChWo,fly
0345Epue,fly
3569Yddp,fly
2219LHlT,fly
7003pTcn,fly
7575MeRZ,fly
4427TagK,fly
8221gwOU,fly
4815SGgk,fly
7508qfMV,fly
2189JyKk,fly
1356knbO,fly
5110VhCT,fly
7828JIQR,fly
6656BmBA,fly
8857DSmv,fly
5365ASrK,fly
8568Titb,fly
0468HTQO,fly
6876ZcgL,fly
2079pXBZ,fly
7644mmpP,fly
6604yXnc,fly
3428cYqM,fly
9337eCLb,fly
8370STlK,fly
0104NDFt,fly
6614hGSW,fly
6001Kxmy,fly
8866gRtU,fly
6278PQXc,fly
7108eOCF,fly
6976yPhY,fly
9351xbQV,fly
2889JkPh,fly
0707wnnz,fly
8555DuZJ,fly
8053JNKJ,fly
9938OpRf,fly
3272MKIu,fly
3368CUdX,fly
8034kUSI,fly
8564bCWi,fly
6756xqUj,fly
8604yhjD,fly
2231Tbzu,fly
7853tdQv,fly
4048OCdv,fly
7292RJDD,fly
5886YuDT,fly
1883oYCa,fly
8249LFMU,fly
5673xIUY,fly
5611SQoq,fly
0656KxWJ,fly
6436RxOB,fly
5601USAD,ImX
1395iWQq,ImX
0608uKng,ImX
5536CkkE,ImX
0386qqFq,ImX
0543lrjE,ImX
1370ReDZ,ImX
7966ddzt,ImX
6741sxZa,ImX
3599Dhbw,ImX
6804lxRf,ImX
5271ukbR,ImX
4230vGZh,ImX
4047FFjY,ImX
9884SBlX,ImX
5664aPRT,ImX
8279sYMJ,ImX
1050ZlLe,ImX
9919SIXp,ImX
8539lQoR,ImX
9431kgFS,ImX
2181EAjN,ImX
6211aALK,ImX
9435zDbJ,ImX
6284FgtY,ImX
7016lNug,ImX
8155qzpD,ImX
9143BbdT,ImX
3991pTPE,ImX
4270Wqhp,ImX
4264zkwY,ImX
7204kiTX,ImX
2885LlIx,ImX
6202aeDR,ImX
5655ImOt,ImX
0092YbKR,ImX
5043JbAY,ImX
0401RlWe,ImX
6399WLEz,ImX
7735JsQt,ImX
7546ivFO,ImX
9008VVAP,ImX
6486rgme,ImX
4316lGhE,ImX
9787csfR,ImX
3818gtMy,ImX
4169fnex,ImX
3762IQoJ,ImX
6693kOZY,ImX
1062Oucq,ImX
2431HgkY,ImX
1801QVCG,ImX
0672Pcrr,ImX
7831NevY,ImX
0206wXOP,ImX
0464ZZpF,ImX
3937cnjA,ImX
1070qmKl,ImX
1291MqGA,ImX
0792kTOW,ImX
5050Fonc,ImX
1912WkyJ,ImX
3339Udwi,ImX
5934WSvF,ImX
2732fVlj,ImX
1586iUrP,ImX
8194Icar,h9O
6283iywl,h9O
0624XEJZ,h9O
6942OzKt,h9O
8438Aurz,h9O
1654qNWC,h9O
5938cfve,h9O
2149oknu,h9O
8720HjSu,h9O
1735PqaC,h9O
3886QYnV,h9O
1761wgkK,h9O
7232qppk,h9O
3295MLct,h9O
6778KewE,h9O
9299NPVS,h9O
4622KpAU,h9O
3476oXew,h9O
8856rNHL,h9O
4938TkIw,h9O
4321GJOD,h9O
7450fDzJ,h9O
6548htIY,h9O
6300nwUm,h9O
2915eNEF,h9O
7919Wvhk,h9O
4625kpcx,h9O
5882RsiL,h9O
3047Kwsp,h9O
4811MJQN,h9O
1849iuSF,h9O
8494wiiT,h9O
0169lxPd,h9O
5220ifSo,h9O
4442zQWF,h9O
3253eBXO,h9O
6523OMYB,h9O
0404mydS,h9O
5551ibnB,h9O
0394yyeH,h9O
6191loGF,h9O
1313lsgC,h9O
1248WZWt,h9O
0654QcTy,h9O
7468agbL,h9O
4667nfyp,h9O
4448beNh,h9O
2930iiRo,h9O
3299Roer,h9O
4914caiP,h9O
0365yZcw,h9O
1602JwOM,h9O
5187pGJR,h9O
4492Snze,h9O
5425qjDN,h9O
4069DnRL,h9O
8748oMwr,h9O
5000MGPj,h9O
5266tCpY,h9O
7251gDDY,h9O
1612BePG,h9O
3193XVnp,h9O
7408ArQs,h9O
4686oQHE,h9O
8014wixo,h9O
7396wAeT,h9O
9218DySK,gDW
4826HfBy,gDW
6907WZTK,gDW
3620AeTn,gDW
4561XDzY,gDW
8838usUV,gDW
0245Ayst,gDW
2196lGSC,gDW
7193LjEZ,gDW
1828HywD,gDW
6374BgUx,gDW
2885gXZm,gDW
7230tsDJ,gDW
7006DNiT,gDW
1291FIwQ,gDW
5839gMDd,gDW
9109pBKN,gDW
9556sLry,gDW
4332tkec,gDW
2515uCVu,gDW
8573HTHR,gDW
0378ojrT,gDW
3071ghDX,gDW
8395vhji,gDW
0041OQJV,gDW
3968XwXg,gDW
9280ocQB,gDW
6516Tvoh,gDW
5355rdre,gDW
7772kobB,gDW
9393YulI,gDW
0080SOuB,gDW
3489IGlH,gDW
1105tsEX,gDW
2098Gvho,gDW
3258PpFe,gDW
9315TDmX,gDW
1303VWty,gDW
8408VnTe,gDW
0514ZyOp,gDW
9208GLxa,gDW
7332bjaR,gDW
8758SNEp,gDW
2284eWhP,gDW
5388xYXQ,gDW
1998pDDy,gDW
0767TruJ,gDW
7164NjOT,gDW
7588SXLG,gDW
8674Wfnd,gDW
3000DZzo,gDW
3140jAco,gDW
0728Kfpd,gDW
7441aQAN,gDW
8684HmLv,gDW
0125eGfK,gDW
3450RMQF,gDW
2295KQeB,gDW
9585JlRO,gDW
6813RtjD,gDW
9299sxJw,gDW
0704UdVp,gDW
0556MkNz,gDW
1979roGC,gDW
2680MQVm,gDW
7842Cezo,gDW
5703ufGs,mti
9460UfCk,mti
0894JcRP,mti
4523HBai,mti
4654UhRI,mti
4685ynog,mti
2984iyFx,mti
5725MAJW,mti
8537GthJ,mti
7296AiLq,mti
0805mcJX,mti
5915ehqG,mti
2037QPxl,mti
4848jSGZ,mti
6653yugx,mti
5583sIRe,mti
7587rDrb,mti
7402mhuv,mti
7595XCHI,mti
7285GpuR,mti
7918nGnq,mti
2023qaWQ,mti
0337uMdN,mti
1403NeKt,mti
2589hTZG,mti
4241YhxN,mti
5479ScJf,mti
2916dCat,mti
2595CskU,mti
7210zeyX,mti
8664fUSc,mti
0036NPpq,mti
9069gKES,mti
8110wssU,mti
6423Biua,mti
8601uGca,mti
5966sXTG,mti
9655QbqA,mti
6800jwyf,mti
8938JwPK,mti
2236MRYj,mti
7832ufIf,mti
3922fQfe,mti
6282tKlh,mti
8305rnVe,mti
9882nBHo,mti
5895huAj,mti
2378ycci,mti
8241ykxy,mti
1634mQTk,mti
4663eaWz,mti
3805NebV,mti
0477FOqt,mti
3340cVwK,mti
0146undG,mti
9235JjRU,mti
7838OYLv,mti
4778fbbP,mti
4089JhjP,mti
9069HLiz,mti
7984xqbd,mti
9169sGsa,mti
5351YlPF,mti
1932epqZ,mti
1370gFbr,mti
5415muzY,mti
1626SKfu,SJs
7483UucB,SJs
0990LQFh,SJs
9037xGTF,SJs
2599gSsV,SJs
7438vtxz,SJs
5120mmoO,SJs
0797XLcE,SJs
0166GmkI,SJs
9739xmSN,SJs
2464wQqk,SJs
4316BLkm,SJs
8308GcFO,SJs
9777KBDL,SJs
2785FkQK,SJs
1767SryW,SJs
8453ZNkG,SJs
8009iySR,SJs
8563Ahjs,SJs
2534vbxh,SJs
0306VnTD,SJs
0027HyKq,SJs
8112eotH,SJs
4644ATUB,SJs
8746ujWA,SJs
6015pUSY,SJs
6881pCxV,SJs
7612UDTa,SJs
3814cvcB,SJs
2947FZpY,SJs
6593qHFN,SJs
9328tHEK,SJs
2702ukuj,SJs
3421wldr,SJs
9541xdts,SJs
5139Nxwo,SJs
2937gHuG,SJs
3299xzzX,SJs
6611OiWZ,SJs
6302Julf,SJs
8315BZwu,SJs
5512bExS,SJs
5264SdYo,SJs
4026ZbBX,SJs
1532ikqC,SJs
2260eywl,SJs
9361DEpV,SJs
5865PvJP,SJs
7568iYNz,SJs
3593tdCG,SJs
1445vmFs,SJs
6899fywF,SJs
1241ZFSm,SJs
8778EOep,SJs
1105ssNT,SJs
0609iftl,SJs
1415JbhR,SJs
6042aDHX,SJs
5060nRYV,SJs
2136byLC,SJs
1149DnMv,SJs
3391RikI,SJs
0748cVdc,SJs
9703xxOq,SJs
6469AYFW,SJs
5394bZTI,SJs
8184CLSN,0d1
6636XtMa,0d1
3568BmMC,0d1
2304hfcj,0d1
7511EtNg,0d1
4610nmcY,0d1
0682wNZr,0d1
3479qwMj,0d1
7574OSSW,0d1
1388xSRf,0d1
2008Dfli,0d1
7239IGkV,0d1
2533MCoA,0d1
8170CMFI,0d1
7994VXQK,0d1
1977MhBj,0d1
2401QPbu,0d1
1485LNlF,0d1
3572oYat,0d1
7334RybH,0d1
0660HZTX,0d1
7157aTny,0d1
4237xRYZ,0d1
9821ZPIP,0d1
2081ITtL,0d1
3952HEyz,0d1
3594kYOR,0d1
6928einr,0d1
1014cyQL,0d1
3033QMIV,0d1
4815KXxA,0d1
7959JqoG,0d1
2645fUrN,0d1
1352GHfI,0d1
7889GyYk,0d1
7130zYRr,0d1
8907jmrw,0d1
9905HeMY,0d1
1534ILyJ,0d1
1059oqnO,0d1
3517zKRD,0d1
3267UCMr,0d1
5511LGSW,0d1
8075tZkm,0d1
3043IJPv,0d1
5338EbCb,0d1
8194Zuik,0d1
3940HYWq,0d1
1655ByYK,0d1
5269aMgv,0d1
6127PVeV,0d1
0644KpoK,0d1
9953JWFW,0d1
5240hZOl,0d1
0759vELB,0d1
9733xdSv,0d1
1768LFWZ,0d1
2606caEE,0d1
1101EYql,0d1
9137ymGo,0d1
1315DzHC,0d1
7942ptZr,0d1
4790Khun,0d1
3542aBBp,0d1
7284LRVk,0d1
2545YdMt,0d1
2926qpDX,h5X
5937Zawc,h5X
1092Fczx,h5X
8614brXx,h5X
2461EVzj,h5X
4912ReNU,h5X
3738gvQt,h5X
6964CykA,h5X
9592mYSj,h5X
9070zqfE,h5X
7451roHP,h5X
9317bcaJ,h5X
4257DQfm,h5X
9494BpKK,h5X
1249DiUO,h5X
5619lIQT,h5X
9964xvMS,h5X
8596rYYp,h5X
9578NIaG,h5X
9926YPSa,h5X
0075tfuC,h5X
2977LfRx,h5X
1630giTA,h5X
2058bvKk,h5X
6577Jfft,h5X
0477txPD,h5X
2694FbNs,h5X
7988kbVD,h5X
1051locx,h5X
3550uXfk,h5X
6074kOOm,h5X
7458VHTo,h5X
5985Ayep,h5X
8263NDKb,h5X
1163KgZj,h5X
6723RarC,h5X
4548dWnT,h5X
6911XplC,h5X
0112MITe,h5X
4611YFFD,h5X
1943Aasw,h5X
0616jIcv,h5X
1559jrFl,h5X
6246GXqS,h5X
0781XGdu,h5X
4887HaCC,h5X
5053LmWf,h5X
9567LFfG,h5X
1526SyxA,h5X
9675IcsT,h5X
6472ZZvo,h5X
5326vgzI,h5X
6250aqhc,h5X
7004cfXQ,h5X
9449pJyB,h5X
5173wgUk,h5X
1646psRE,h5X
9274hSbb,h5X
2931yYJR,h5X
5785sPqW,h5X
7722nFPz,h5X
6123cgGG,h5X
3564nETF,h5X
4948DtzT,h5X
4862SLZT,h5X
9439waUO,h5X
5072nZLg,FJt
3535yUjM,FJt
3759EGRd,FJt
3775DGsJ,FJt
4172CnSg,FJt
4090nijk,FJt
7036wQxD,FJt
5771XBuE,FJt
0026RtKD,FJt
6932gHnj,FJt
5943IsUE,FJt
1608JjNh,FJt
8756nQtT,FJt
5956mVan,FJt
9934qWeo,FJt
2141rnjt,FJt
2890pswd,FJt
8410QOqs,FJt
2694uEph,FJt
9548Qqjo,FJt
7673lziH,FJt
9381vfVK,FJt
7418JwQd,FJt
5237Ldlq,FJt
3015ybMu,FJt
7256XhcU,FJt
3414NLjN,FJt
3880jFGo,FJt
7060Kdkt,FJt
0913Xkzx,FJt
2699nkeI,FJt
6676PNVw,FJt
8641EFcX,FJt
4597zYNk,FJt
0562XOEL,FJt
8360mSye,FJt
7689RFeD,FJt
9015YlFe,FJt
4571uatG,FJt
9423jipr,FJt
7103qDlh,FJt
9903YUdR,FJt
6541TUgh,FJt
2001dsvV,FJt
8097Gkwt,FJt
0119CXWX,FJt
8548yYEq,FJt
9957VxCm,FJt
5502DvRw,FJt
0309Vcgi,FJt
0017yqha,FJt
6597MFBJ,FJt
9584JZaS,FJt
8812fcHh,FJt
9822BDuH,FJt
2953JAMU,FJt
1190BCJI,FJt
8258vLlg,FJt
9573okzF,FJt
9630odHF,FJt
4991yvRN,FJt
0976miZl,FJt
1212dpst,FJt
2212ybeE,FJt
8677kIva,FJt
7093Rjor,FJt
2960PVXu,vh3
6707DcWj,vh3
1920RVli,vh3
9370apVz,vh3
8446RliI,vh3
3251YtpY,vh3
3719ZfUR,vh3
7937IikT,vh3
0826ykrt,vh3
4125PsFn,vh3
5821Kldg,vh3
0612qTAV,vh3
9758RVcX,vh3
7651sZds,vh3
7164mFPG,vh3
6595JeWj,vh3
0716zwbH,vh3
8494tuhN,vh3
4890ANUi,vh3
7504MVOe,vh3
1519PVVc,vh3
5815rdqF,vh3
3359bUkH,vh3
9529dmtu,vh3
8334CxPW,vh3
4081igql,vh3
7672jXPF,vh3
5910veFA,vh3
9200LIHw,vh3
7492aAup,vh3
5505IiaD,vh3
4572ygKR,vh3
1694Kixy,vh3
3924WHlM,vh3
6091WHIO,vh3
4187PhvH,vh3
8269fMAm,vh3
7511ikeW,vh3
5768Epic,vh3
2414yjJG,vh3
4066WoZf,vh3
2998qaYe,vh3
2007RDXn,vh3
2418QAND,vh3
0450MFaH,vh3
6396ifDB,vh3
4709fNGZ,vh3
5040XKDr,vh3
3018aJlN,vh3
6426GzNH,vh3
9124YYnf,vh3
8725hKPd,vh3
9161oSLW,vh3
8027fznS,vh3
8276tEVy,vh3
4969UgNK,vh3
6547uEGW,vh3
1298EeAu,vh3
2275zUAG,vh3
6747nuUG,vh3
7364oUBf,vh3
7554VWYK,vh3
3168qYNj,vh3
2776VmjE,vh3
3015BDBC,vh3
5760wQVt,vh3
6900xNQJ,QV1
0178wctZ,QV1
1047vter,QV1
1314zXYD,QV1
6034VpZW,QV1
0521RpyW,QV1
5040Cbhi,QV1
9971SCJw,QV1
9124TdFb,QV1
2492emsy,QV1
0917GDik,QV1
7820Adgx,QV1
1842wJiB,QV1
7968UGhx,QV1
5599YcXW,QV1
2941wIid,QV1
8837eOJN,QV1
5188SXUv,QV1
5352RxMf,QV1
3089pxff,QV1
6283EFCe,QV1
7509Zrgo,QV1
3265Fnkp,QV1
8529uSkG,QV1
3572siRa,QV1
1408ueAg,QV1
4284sKic,QV1
2210KLxW,QV1
3322htLZ,QV1
1761FGjk,QV1
9700RKgk,QV1
8037aLzi,QV1
1488FPkU,QV1
8965VAlw,QV1
9281dnWy,QV1
8584jQwK,QV1
4743DRlH,QV1
7327iltF,QV1
8252gvrp,QV1
3512MrQG,QV1
3002MufW,QV1
0043wJyu,QV1
8265cHBe,QV1
6015iloX,QV1
6870HFya,QV1
8871Vuvj,QV1
9008Iklw,QV1
3686PpBS,QV1
2652WgYO,QV1
1108aIDs,QV1
6283Kdtu,QV1
2801maln,QV1
6580nCVQ,QV1
7106rnbO,QV1
5442oUdr,QV1
2624Byyv,QV1
8440ZJps,QV1
9820Utec,QV1
6354FFCZ,QV1
9936VdBw,QV1
2317bUbs,QV1
2432rUck,QV1
6296iflJ,QV1
1597KgRG,QV1
6272TQZs,QV1
6167Mllu,QV1
6046Hkev,J2l
3362VpCp,J2l
6088lhle,J2l
7348UPYb,J2l
8367CnEp,J2l
2090zdQK,J2l
3385LkXO,J2l
6133yCTe,J2l
0915wGDw,J2l
7716QUZw,J2l
6070SRLl,J2l
8386bhCc,J2l
3499cjJl,J2l
0839jlBf,J2l
2751iIQF,J2l
6499hISO,J2l
8548tSKE,J2l
0905DgcL,J2l
3031ppxF,J2l
5302caGV,J2l
9504Ucar,J2l
8213JNiw,J2l
3579kEcy,J2l
1828slOK,J2l
5919vjYE,J2l
6433JiWM,J2l
2167uwOi,J2l
2097vVxj,J2l
1456wotd,J2l
1705EzQt,J2l
8736Ggzo,J2l
8788QoGs,J2l
0176mcYA,J2l
2845fAxx,J2l
9791hAVe,J2l
4579ITIf,J2l
2748zLRp,J2l
1456Xldp,J2l
0379tZvj,J2l
3052TlGJ,J2l
1908vMtJ,J2l
7503mTzI,J2l
4445Oepq,J2l
3315fDZU,J2l
5297UGvS,J2l
7882cuaP,J2l
1168aWGd,J2l
6821AaZg,J2l
8912sDun,J2l
9076RXsQ,J2l
0752DgZZ,J2l
3887OTSc,J2l
4571nstq,J2l
7415QpgS,J2l
6838fnAU,J2l
6676VatL,J2l
8029AEHI,J2l
8051TIjE,J2l
1429MrpB,J2l
3811DjKq,J2l
9113HnoT,J2l
6103GuDk,J2l
5532xjal,J2l
5990INIZ,J2l
6518jboj,J2l
3313iFPW,J2l
3702hexo,3vf
6985ZdvQ,3vf
1542wObT,3vf
9418iRmG,3vf
9291FvkC,3vf
4666gUQC,3vf
8496juzG,3vf
3644Wjza,3vf
0255tZBy,3vf
6889gayx,3vf
7309yWUr,3vf
1725LVzF,3vf
5246bwGJ,3vf
9730HnLW,3vf
4904HRbl,3vf
4995AyLq,3vf
5913kIwO,3vf
3928aHhk,3vf
6988AGPw,3vf
8318TyBg,3vf
1551juMl,3vf
3852BoWY,3vf
7442AHJx,3vf
6969orZx,3vf
7781gwMO,3vf
9043zaRn,3vf
3141ukfX,3vf
7101NuTs,3vf
0544xbLk,3vf
4086mUlb,3vf
4168sUjd,3vf
3513HkSg,3vf
1419ONeg,3vf
0689Dukq,3vf
0439LhGd,3vf
6425nVCE,3vf
6092UnPn,3vf
4527fAzs,3vf
9745wPGD,3vf
1530LkTN,3vf
6480CDOE,3vf
4363BZXm,3vf
1280oLpX,3vf
0862uQEG,3vf
3687PtWI,3vf
1370OyEm,3vf
7218UvBn,3vf
6649nIcm,3vf
7319uJew,3vf
4771NKrF,3vf
5631hcay,3vf
7560oYyF,3vf
4710pJhf,3vf
6833oVWw,3vf
3193JFhF,3vf
6771bGho,3vf
4737QxeX,3vf
2386OYmh,3vf
0008kDLK,3vf
4093sNtH,3vf
0655BNrJ,3vf
5023vjQt,3vf
8680xWIM,3vf
9190wMKH,3vf
2684Mqua,3vf
0971fgqx,3vf
5133dhNP,wN2
3573dsjj,wN2
2907mVhe,wN2
6552rtJs,wN2
4843NneJ,wN2
5341nRfj,wN2
5682zigf,wN2
2999uFat,wN2
6145gMfp,wN2
0473WwkF,wN2
5040NKAZ,wN2
6621qiWt,wN2
4273XrYs,wN2
2745sKqr,wN2
0165FLRz,wN2
3676KEtk,wN2
8162KvUS,wN2
2608xAPa,wN2
1060Rbpr,wN2
3051KZjC,wN2
7894QbxK,wN2
5241zXou,wN2
1630hqby,wN2
8650cqNL,wN2
7933uJAd,wN2
7139jCEG,wN2
5247IZFY,wN2
7020twPF,wN2
6903FsqJ,wN2
6021bmhU,wN2
7805kmNk,wN2
4604zsoh,wN2
0977OPnH,wN2
0924rvuO,wN2
3408MMJa,wN2
6001sasv,wN2
1740aheu,wN2
1052Jcen,wN2
7570NYwo,wN2
5412AWxA,wN2
6633ggSC,wN2
6147EpUe,wN2
8544Ubzb,wN2
7635fIXf,wN2
4138hNuz,wN2
5724QBjK,wN2
1659qKoH,wN2
2797iRbU,wN2
9641QjQz,wN2
1545OtdR,wN2
9901QlkA,wN2
9226GDyI,wN2
5862XVZa,wN2
8488dkUg,wN2
3473VXKa,wN2
3052mHmI,wN2
3537KzYL,wN2
6432IKVW,wN2
8635pzzR,wN2
4722PvDZ,wN2
8143fkaP,wN2
0626VcxE,wN2
3436KJQR,wN2
0311YdzR,wN2
4203OcPV,wN2
5622oBMq,wN2
6187UZDN,jqo
6865Igfo,jqo
4493EgJT,jqo
2092gYmP,jqo
1473Ghhe,jqo
0601CwXC,jqo
0421FuFl,jqo
0700mNJk,jqo
8711OzxA,jqo
4825DnJR,jqo
9129LybV,jqo
3593tveV,jqo
2746xXdr,jqo
6878BBkr,jqo
2425mcuc,jqo
7359YbKK,jqo
8243TiQU,jqo
9071kOJT,jqo
8103IdSY,jqo
9408XsFA,jqo
2167nRue,jqo
6687tekH,jqo
1618rphQ,jqo
5849ZxNB,jqo
3989rwZR,jqo
3118PmgR,jqo
7153TBhu,jqo
5536JDaQ,jqo
2448MyFs,jqo
2662aHWM,jqo
8815smGV,jqo
3751hcFY,jqo
5614TeOY,jqo
5792PhQJ,jqo
0031KgiX,jqo
8514WBbF,jqo
9258dqOY,jqo
3916usNX,jqo
0865tfNG,jqo
9994BGxG,jqo
9322kGeN,jqo
3012VhsC,jqo
6785QMVz,jqo
2089NzIe,jqo
7890ujwZ,jqo
7490CkWq,jqo
1380HKsZ,jqo
8747UETi,jqo
2051kwHe,jqo
2966yTmf,jqo
6843wVPp,jqo
2828OxuV,jqo
8959uvpQ,jqo
5573Qaoz,jqo
9816ZMrw,jqo
4956WAED,jqo
7623heej,jqo
6049gQen,jqo
6612kfli,jqo
7186GzKq,jqo
7490yQwq,jqo
3362WdVs,jqo
2730fUfS,jqo
6020Mpay,jqo
6211ayCg,jqo
7904QyyF,jqo
5537Sosy,nl1
0649llJU,nl1
2271TruT,nl1
3627bXyV,nl1
4095wXMe,nl1
9852Lrqf,nl1
4151MGgs,nl1
4928mmoB,nl1
6726XYcl,nl1
0088CrpO,nl1
3361CnwS,nl1
7074YmDe,nl1
3218WOiU,nl1
3119vsCY,nl1
2703lDzB,nl1
8862QZXx,nl1
2218sKOf,nl1
3969OgBK,nl1
4191bwvs,nl1
3067cKwG,nl1
8569xqjt,nl1
9867Iztt,nl1
4579GuNB,nl1
7007mrBj,nl1
3174eHDr,nl1
3941iYML,nl1
1435qLrM,nl1
6837rWTA,nl1
5779YTnt,nl1
0042Wlfq,nl1
6863PBbz,nl1
9979wDXS,nl1
4916AMSo,nl1
5891APHc,nl1
7977ffuK,nl1
6226Gpqb,nl1
0816tgko,nl1
2151GmRA,nl1
5763OHxc,nl1
1096kDfs,nl1
4698utjm,nl1
5135rNzH,nl1
7025cUAM,nl1
4867uRxS,nl1
4878YVCE,nl1
6378puHN,nl1
4810scTN,nl1
4566UOtd,nl1
0250VkLb,nl1
0949LApt,nl1
4382JLca,nl1
8664JeqS,nl1
3070THZY,nl1
7603lktS,nl1
4517JCpd,nl1
4309vqDs,nl1
6916QHKx,nl1
9606JoOv,nl1
8495utPX,nl1
1182hgEe,nl1
5368uTEA,nl1
1806Blno,nl1
8695mwyq,nl1
9648dXJt,nl1
9733nnQs,nl1
6468DtKd,nl1
2798zAIa,xvG
9057qgSM,xvG
2409czzs,xvG
2680iorJ,xvG
2561pjeU,xvG
3813XvxZ,xvG
5283kAiA,xvG
3899mONE,xvG
5709FEkm,xvG
6090hUQA,xvG
5247Ubmf,xvG
6191qsve,xvG
5601jhDk,xvG
2226mkbt,xvG
8173nYOe,xvG
5738RQuq,xvG
5472CQYJ,xvG
5889WhHU,xvG
5431GHcD,xvG
1893Rzqm,xvG
9000DIPH,xvG
0237IoXv,xvG
9459XvkQ,xvG
6987KkcH,xvG
3347pHDp,xvG
0930okLt,xvG
8713yzYL,xvG
0337WCbH,xvG
3495Xfle,xvG
4555RjQD,xvG
9499TdiI,xvG
1770lLGF,xvG
6429caoq,xvG
6844pyTx,xvG
8662EKCY,xvG
2871ckRv,xvG
0870ODzg,xvG
2863vmkb,xvG
8205NLSI,xvG
3590wfDQ,xvG
4444aGHX,xvG
4478sAvA,xvG
7331EqEa,xvG
3435YAlL,xvG
7754fqPa,xvG
9992ecvu,xvG
9357OzKf,xvG
2185cXuE,xvG
2496LafN,xvG
3150yejv,xvG
2882OFxN,xvG
9576Sjms,xvG
8366bEFe,xvG
5760EFSX,xvG
0003NRiv,xvG
3360Gbzy,xvG
9985xkHS,xvG
1123KBnK,xvG
1220Dekv,xvG
9280FgiC,xvG
8196pROD,xvG
3412JrLD,xvG
1721mDmF,xvG
6391obSO,xvG
3622cnbA,xvG
8672OrjE,xvG
7882bRzO,T24
8450rSnW,T24
1558RoHn,T24
1336Yuve,T24
8185TlNk,T24
9987jPAL,T24
4831yxZi,T24
6373kNRU,T24
4835xCll,T24
2264qOvP,T24
0290wIdw,T24
2643nOtF,T24
9952WIuj,T24
5109ArkB,T24
4617RfkU,T24
6419HjDf,T24
1940joZK,T24
6603lYHX,T24
0984dOaC,T24
7425MfOU,T24
3435iUMN,T24
0976DjVx,T24
4499kpPV,T24
6005swyD,T24
1060VTnH,T24
5964lcIu,T24
7606RhaW,T24
3199QXut,T24
2954shnn,T24
2871OPsl,T24
4769JPxO,T24
9648kmsD,T24
2863aMLK,T24
6270YcwS,T24
6315BxWQ,T24
4676eemr,T24
3759KNLY,T24
6800OryJ,T24
8051hXOH,T24
5383dtxZ,T24
9788MzkQ,T24
5084iyyz,T24
8977ioQP,T24
0770iDbH,T24
9164FIiG,T24
6140wOPy,T24
7274VGhq,T24
2557sjTx,T24
0391NyDu,T24
9062WQKv,T24
7959sIHF,T24
1398bKOg,T24
4718EmXo,T24
5548Bxnd,T24
1996Ypse,T24
4404GmwZ,T24
1186XZfK,T24
1546lOES,T24
0218Vbzc,T24
2215xrkT,T24
4235nUOb,T24
3226KTig,T24
7804udZz,T24
0479jFxP,T24
5244kHJE,T24
4127ncnh,T24
8774wHwe,NPX
8869gmTS,NPX
2310Iail,NPX
4117Legy,NPX
4694FExn,NPX
0351eWgT,NPX
8108ELpN,NPX
0686GOwl,NPX
4590NCur,NPX
9287rucr,NPX
7393OzSQ,NPX
2123DNeE,NPX
2058yhYd,NPX
2460VAhj,NPX
4955ZjsO,NPX
5904wGvc,NPX
5088hOvN,NPX
9482gtmA,NPX
2151BUEI,NPX
2555keUc,NPX
2807IhQA,NPX
1717tNGG,NPX
4206tJPH,NPX
4160pszb,NPX
3134gBKZ,NPX
4836xtoP,NPX
7950AlHR,NPX
0888KJDK,NPX
4813Obtx,NPX
1656hJxr,NPX
7856iqPj,NPX
8272liEb,NPX
0408TENk,NPX
5182Wpim,NPX
4681BWGl,NPX
3498PHdv,NPX
4219ntgF,NPX
9914fjWJ,NPX
0004IWwl,NPX
8878BAgD,NPX
2570Tpei,NPX
8148YqFc,NPX
7884gAQQ,NPX
3603LJLo,NPX
5581aJtG,NPX
0847VKgR,NPX
1344ThyB,NPX
6028GXXA,NPX
3516oSgR,NPX
4097LqiA,NPX
8551vtEW,NPX
1856FKfb,NPX
4353GnIw,NPX
7127zgJR,NPX
9070OmfC,NPX
6887DUBD,NPX
1199QRyJ,NPX
5870Oysj,NPX
3898iGto,NPX
3740ZgKi,NPX
4000zktS,NPX
5875yeyT,NPX
2336KhBp,NPX
5620jCpu,NPX
5064rbyM,NPX
2265MbAc,NPX
