videoID, label
0000QBhq,ZX2
0002ILzi,ZoR
0003NRiv,xvG
0004IWwl,NPX
0004OeGP,rDw
0004RAtp,uLy
0005hYpD,ufu
0006rjUz,rDw
0008kDLK,3vf
0009udbU,Ucw
0012eOJr,Dlr
0012fDAn,0d1
0015BYGE,5i0
0017tkSN,OYd
0017wmRE,SkD
0017yqha,FJt
0020yyyL,ufu
0026HaWU,SkD
0026RtKD,FJt
0026vOVr,KXa
0027HyKq,SJs
0027bnyr,uLy
0028RWrA,nX0
0029FhKI,jxJ
0029efPx,RP4
0030hRvv,5i0
0031KgiX,jqo
0031nyjb,71P
0033HPWX,Lxg
0036NPpq,mti
0036PPxt,edH
0039DNKh,ZX2
0040EtkI,H2G
0041OQJV,OVq
0042CCUc,nX0
0042Wlfq,nl1
0043wJyu,QV1
0046BlIC,Ucw
0046NkID,YdU
0046iOEf,N9Z
0047PFls,LM0
0052WdRN,H7F
0053mhBP,edH
0054LHLH,ZRe
0055XleN,rlZ
0057snHs,MLv
0058aPzs,5i0
0058xsBh,RP4
0063YoQc,ZX2
0064FFvb,aBS
0065OzTn,Otv
0067IFgk,ZRe
0070gPum,995
0071xkww,aCg
0072THBf,GR9
0075VSVZ,WP8
0075tfuC,h5X
0079EEDu,OVq
0079aNBJ,OVq
0080SOuB,OVq
0084tAgw,kyQ
0087Imkf,orj
0088CrpO,nl1
0088QQfg,S8Y
0088vzGo,rlZ
0089BUoC,6XF
0089siQq,IVr
0092GEJx,jFZ
0092YbKR,ImX
0094AUYa,nX0
0094uktj,Dlr
0096LDgJ,Ig9
0097ygTF,H7F
0099WXrc,VAW
0101MuQD,GR9
0102nPNI,iJK
0103JpGu,FcL
0103qUFn,IVr
0104NDFt,fly
0108wPtC,1kJ
0109Inry,y9c
0111dYoJ,dDU
0112MITe,h5X
0113joOy,edH
0114aiJS,ZRe
0115DfMu,rlZ
0118TLTP,XVc
0118gNLo,50P
0119CXWX,FJt
0121ShZs,Fhc
0123OeiY,nX0
0123Wfyz,1kJ
0124DMQu,XVc
0125eGfK,gDW
0126fNnL,N9Z
0131dqPj,iTN
0132CyxN,iTN
0136irZG,O8S
0140gFKr,VsS
0141GvEY,ahb
0141qeMT,MLv
0142Fkxu,SkD
0143eUjZ,FcL
0145KWzI,eAR
0146alfO,zQJ
0146undG,mti
0149fdYN,zki
0149jmSp,RP4
0150FjTg,6kh
0150HJNM,GR9
0153QtFo,50P
0157RbLk,H7F
0158BowJ,Otv
0162COtl,CMB
0163ukbt,IVr
0165FLRz,wN2
0166GmkI,SJs
0167BZvY,ZX2
0168kPBr,r6H
0169Tyzr,YdU
0169WUyp,vID
0169lxPd,h9O
0171xXyq,X17
0173wcXl,GR9
0174mLrc,KXa
0176mcYA,J2l
0177NhXQ,N9Z
0177bENN,y9c
0177tNBL,Q3W
0178wctZ,QV1
0181ITgo,ZX2
0182hqGq,aft
0182pjTp,ufu
0190IUpr,50P
0190QcKs,71P
0190RUHd,aV5
0191MyYL,VAW
0192MNeC,1kJ
0193CAsr,aft
0193WRnP,H2G
0193qAQj,pIy
0199eBhU,dMV
0199hRQF,bx0
0199xNuq,LM0
0203jCQw,Otv
0204GRbR,zQJ
0205eNSn,MLv
0205eivD,dMV
0206wXOP,ImX
0208MKhg,H7F
0209IYUd,1HI
0210AXhp,XVc
0213yBxT,OYd
0214GzgO,Irl
0214UZSE,ZRe
0216ZYTs,vID
0216hTgU,iTN
0218VHxt,MUk
0218Vbzc,T24
0219evNU,Ig9
0219kpHu,jxJ
0222JGnM,sTA
0223GdbL,eCK
0225spES,rlZ
0229kgaO,SFT
0230zhhD,aBS
0231Zbzn,6kh
0233xMOw,Ucw
0235tJsw,jFZ
0237IoXv,xvG
0239THjm,5DO
0243tlAZ,aBS
0244vJFE,ZoR
0245Ayst,gDW
0247viXt,3vf
0248RfML,XVc
0250VkLb,nl1
0250rBlQ,y9c
0253hqNl,bx0
0255LXdB,SFT
0255tZBy,3vf
0256AzYN,eCK
0257AmIf,6XF
0257GFZd,SkD
0259eYQK,0d1
0259etKX,995
0259muJg,bx0
0260VqoM,Ig9
0261WDYr,zki
0262LHTk,XVc
0262jLOT,5i0
0263GzVR,Ig9
0265kzBY,y9c
0266zefR,zQJ
0267liDR,kyQ
0270ChWo,fly
0271MfVT,Fhc
0273fXAH,T1w
0278FNMM,FcL
0280OhUQ,5DO
0284VRuQ,KXa
0289pvPc,Ig9
0290wIdw,T24
0292QiTJ,bx0
0294xBWR,eCK
0297pBdt,vID
0300OYmu,0d1
0301CPJq,995
0306VnTD,SJs
0306qatK,nl1
0308Cwch,edH
0309Vcgi,FJt
0310AwEU,5i0
0310LVnm,r6H
0311YdzR,wN2
0315AZIk,lFN
0316RxQj,aYG
0316ybae,CMB
0319TSof,Lxg
0320kdON,RP4
0320yuve,lFN
0321bCfh,VAW
0322uUfk,aBS
0322xdMP,eCK
0324afsY,iJK
0325tuHL,LM0
0326FRsb,ahb
0330dKKv,rlZ
0331QgxU,r6H
0333kVtK,N9Z
0333yrFX,1HI
0336nPca,71P
0337WCbH,T1w
0337uMdN,mti
0340yQoj,Otv
0341LXhr,iTN
0341dvzj,aV5
0342mDeF,rDw
0343rHsP,MUk
0345Epue,fly
0345kXPP,VsS
0346ViND,1kJ
0347QRNj,rDw
0351eWgT,NPX
0352uBQg,rDw
0354SxSC,zQJ
0354pjCA,Otv
0355tfkw,MUk
0357xiov,50P
0358WdDu,ahb
0359poFr,YdU
0361SfdA,MUk
0363jAQl,XVc
0365yZcw,h9O
0367VbVa,YdU
0369hLaH,iTN
0370hBno,lFN
0376xFos,LTZ
0376yzbI,6XF
0378Gczq,zki
0378mcOJ,zki
0378ojrT,Otv
0379NEaZ,YdU
0379ZscM,lFN
0379tZvj,J2l
0381tLtT,aYG
0384fqBY,vID
0385JfjR,Lxg
0385RXuB,6XF
0386qqFq,ImX
0387ZANL,pIy
0388soBF,CMB
0389OxNM,LM0
0391NyDu,T24
0394yyeH,h9O
0395akps,ufu
0401RlWe,ImX
0401hMnL,aft
0402Sayl,rDw
0402kROE,jFZ
0404mydS,h9O
0407HHwv,Dlr
0408KQPK,aft
0408TENk,NPX
0408uilj,Otv
0410tHav,RP4
0416kgmR,WP8
0416qEjR,uLy
0421FuFl,jqo
0422GkMo,995
0422yVxE,jxJ
0424FFBn,71P
0426Uwjj,dDU
0428APov,jFZ
0434FtdS,H7F
0436Jstp,edH
0439LhGd,0d1
0446xZWu,T1w
0447ZICB,X17
0448yPGN,50P
0449FXRZ,r6H
0450MFaH,vh3
0450oUlR,Ig9
0451SUfr,iJK
0451uLvQ,zQJ
0452LdGH,XVc
0453Viwc,iJK
0454XcVl,OVq
0456FMZw,rDw
0456mhKo,eCK
0457jIAv,bx0
0458poEs,Otv
0464ZZpF,ImX
0468HTQO,fly
0473WwkF,wN2
0474tahd,S8Y
0477FOqt,mti
0477txPD,h5X
0478uZVr,jFZ
0479QWab,Dlr
0479jFxP,T24
0483CqEY,Yi3
0484OisK,eAR
0485yiWm,aYG
0489DbuZ,ZX2
0489Xgun,y9c
0490dFrb,ttZ
0490jYos,aYG
0491kHjM,Ig9
0491sjWh,YdU
0492AdRn,ZRe
0496HpcB,eCK
0502KhEG,ufu
0502NAGE,edH
0503LilL,WP8
0503anbQ,eCK
0506RMnF,6kh
0508Dtuh,GR9
0508nRRZ,5DO
0511xSau,jFZ
0512MBsj,N9Z
0514ZyOp,0d1
0514dGmI,orj
0515cnRA,nX0
0519gdkM,ZoR
0521GnbK,IVr
0521RpyW,QV1
0522awtF,kyQ
0523pZav,rlZ
0527IIWR,Ucw
0529YWNk,MLv
0531UZRr,Ucw
0535KVWX,aYG
0536OUmU,RP4
0537qsyL,IVr
0540XeOP,O8S
0542BjVb,RP4
0542MZYF,r6H
0543lrjE,ImX
0544fenD,5DO
0544xbLk,3vf
0552Fvhl,ahb
0553OquG,Ig9
0556MkNz,gDW
0560FDwn,nX0
0560UiVJ,Yi3
0560hcEF,ufu
0562XOEL,FJt
0564Znar,5DO
0568GeoQ,aBS
0568MIfW,jFZ
0568ardC,aft
0568jtgN,SFT
0568leOg,eCK
0569mUnw,6XF
0571NhTC,H2G
0574gXgf,iJK
0581irGr,uLy
0582rLCC,Otv
0584AvHs,995
0586oUyP,eCK
0588BcEU,ZRe
0592YLVv,YdU
0594lCTU,y9c
0594muqz,r6H
0596fsrg,sTA
0596rJYT,Otv
0598mxIh,5i0
0599KXjI,H2G
0601CwXC,jqo
0602dUDu,YdU
0602pFMk,Lxg
0606lYtM,uLy
0608uKng,ImX
0609iftl,SJs
0610EaPE,dDU
0610JFnl,nX0
0611oXiI,rDw
0612qTAV,vh3
0616jIcv,h5X
0621iJTQ,5DO
0623ZmxP,S8Y
0624XEJZ,h9O
0626VcxE,wN2
0626ssug,KXa
0627HRZd,6XF
0630Xhwu,50P
0631FIUP,1kJ
0632fnGW,995
0636xOrB,wN2
0639tpQH,X17
0644KpoK,0d1
0644aqLv,iJK
0648AdMO,6kh
0648rcjo,OVq
0649llJU,nl1
0650ZhnZ,Otv
0652LGMi,5i0
0653XguP,dDU
0654QcTy,h9O
0655BNrJ,3vf
0655wfxe,JZP
0656KxWJ,fly
0656bpsa,1kJ
0658CuSa,Irl
0658NlTI,Otv
0659KrtJ,MUk
0660HZTX,0d1
0663fDQL,nX0
0664VHmk,71P
0667Ekxb,FcL
0671DKoc,OYd
0671wubZ,H7F
0672Pcrr,ImX
0673XKaI,X17
0675DGTV,Q3W
0676kVsI,T1w
0677pouL,995
0678VLzc,fly
0679mJTH,eCK
0679upfh,aCg
0681whYU,r6H
0682wNZr,0d1
0684yKmp,XVc
0685AtaC,MLv
0685HNAC,CMB
0686GOwl,NPX
0688ljta,MUk
0689Dukq,0d1
0690VlXa,OVq
0696dBgI,1kJ
0699bvaX,VsS
0699rlWJ,0d1
0700iFYn,50P
0700mNJk,jqo
0704LjZr,sTA
0704UdVp,gDW
0706kugo,3vf
0707qqLW,y9c
0707tYzZ,KXa
0707wnnz,fly
0710dchw,orj
0711nWhj,5DO
0716zwbH,vh3
0717WjRa,nX0
0719XhjZ,dMV
0720gkLI,aft
0720vRrC,LTZ
0721tUYq,50P
0722NWwm,VsS
0722TbBH,aYG
0724kmYX,H7F
0728CSPz,6XF
0728Kfpd,gDW
0733xeqL,OYd
0739mMmd,IVr
0742JbGt,CMB
0745pnny,sTA
0746MmXa,S8Y
0747dAmd,Dlr
0748cVdc,SJs
0751Lyzg,aft
0751XlAB,Q3W
0752DgZZ,J2l
0753uilw,5DO
0754JWaZ,Ucw
0754TmKC,S8Y
0757tIpO,aYG
0759vELB,0d1
0762Okif,MUk
0767TruJ,gDW
0769vEUI,XVc
0770QCWW,6XF
0770iDbH,T24
0771VzFa,0d1
0773HDSM,Z0Z
0775nxHo,VsS
0780ImgW,kyQ
0781VKmd,MLv
0781XGdu,h5X
0784avJL,MLv
0786owfq,SFT
0786wHEI,71P
0787Uorc,ahb
0789YxEu,ttZ
0792VdIn,uLy
0792kTOW,ImX
0794Pwzl,WP8
0796gNbz,O8S
0797XDZN,VAW
0797XLcE,SJs
0797mMso,H7F
0801XIus,LTZ
0804kQWV,OVq
0805mcJX,mti
0806pYlS,SFT
0811JEzP,Ig9
0814bifl,JZP
0814dXwe,ufu
0815FCdN,XVc
0816tgko,nl1
0818aotU,VsS
0821yoHx,iJK
0826pcjk,Lxg
0826ykrt,vh3
0829cAvK,eCK
0833GePu,LM0
0838aSOK,OYd
0839jlBf,J2l
0841pfgV,kyQ
0843zyxl,iTN
0845zggG,uLy
0847VKgR,NPX
0849vYQj,IVr
0850AsYQ,ZoR
0850RAMR,rDw
0850SwtS,VAW
0854qHPX,XVc
0857JiBi,eAR
0857bFrJ,1HI
0857gcwc,MUk
0858FpuY,Yi3
0861wzyJ,Ucw
0862uQEG,Yi3
0863eXPp,aV5
0865tfNG,jqo
0869aLxu,KXa
0870ODzg,xvG
0870Rvmt,rDw
0871IHNj,FcL
0872HcER,WP8
0874DpeE,pIy
0876wlZI,eCK
0877uBdL,iJK
0878HHND,T1w
0880EGKx,6kh
0880actW,S8Y
0880xDMG,aYG
0883CpKX,5i0
0885uyxQ,MLv
0886TGqL,1HI
0888KJDK,NPX
0889TvcV,MUk
0890LAiq,OYd
0893BaGb,Fhc
0894JcRP,mti
0894mhJz,H2G
0896GfYr,aYG
0896GjxD,orj
0896irZD,kyQ
0904ycZq,vID
0905DgcL,J2l
0908AtGP,aCg
0910HhmI,71P
0912TFSr,Ig9
0912mqgW,H2G
0913Xkzx,FJt
0915vJWA,Irl
0915wGDw,J2l
0917GDik,QV1
0917HJHl,aBS
0919SNUZ,rlZ
0923cKeA,O8S
0923iLpC,zki
0923toJy,uLy
0924nFDS,GR9
0924rvuO,wN2
0925LarW,VAW
0926dETQ,1HI
0926hvaM,H2G
0930okLt,xvG
0933EdpR,SFT
0933vZCt,iTN
0934YCEK,GR9
0935MyyE,aYG
0940Tqam,orj
0941WjKg,Otv
0943HHcT,Irl
0943eowd,ZRe
0944JYNu,OYd
0944lTcn,6XF
0945ZEgx,kyQ
0946QqnB,dMV
0946mGIB,iJK
0947xkqY,zQJ
0949LApt,nl1
0951Fbhk,5i0
0952nNLd,dDU
0956kFWh,dMV
0962TPbN,H2G
0963KmDN,S8Y
0965rzKk,Ucw
0969dHSL,iJK
0969mWDc,ahb
0970vyxX,kyQ
0971fgqx,3vf
0974IsSn,5i0
0976DjVx,T24
0976miZl,FJt
0977OPnH,wN2
0977zDrs,edH
0980dRSD,bx0
0984dOaC,T24
0986hAGv,Yi3
0988gYGC,71P
0990LQFh,SJs
0995kBnu,Irl
1000lwhD,rDw
1000rzML,6kh
1001UByy,Fhc
1006sxgM,rlZ
1012CejG,1kJ
1013kvPd,FcL
1014cyQL,lFN
1015KYWu,T1w
1015Sklm,iJK
1020NGgy,SkD
1020YlKl,Fhc
1020bemU,aBS
1021vEjv,995
1025NyPY,6kh
1026PIxQ,LTZ
1027aezC,LTZ
1030pXXi,jxJ
1031Ilnv,JZP
1031nHRJ,pIy
1032irxW,vID
1032otjd,5DO
1033BGNF,SkD
1039Ejvi,JZP
1041KQRd,kyQ
1042mTTD,H7F
1044ibof,eCK
1045NLJe,Dlr
1045kSGe,sTA
1047vter,QV1
1049eXBZ,nX0
1049lWzi,RP4
1050ZlLe,ImX
1051OgUC,Z0Z
1051locx,h5X
1051tnPM,H7F
1052Jcen,wN2
1053iqAy,jFZ
1057LMkZ,Yi3
1059oqnO,lFN
1060Rbpr,wN2
1060VTnH,T24
1062JWoZ,ufu
1062Oucq,ImX
1066bKHe,bx0
1067HiKr,nX0
1067zbnE,OVq
1068FvlD,Yi3
1068lSXg,H7F
1070DAFB,jFZ
1070qmKl,ImX
1074TIry,WP8
1077nCNW,GR9
1078lExu,H2G
1079jWrp,GR9
1079qwwX,Fhc
1081geVS,aV5
1083efwg,6kh
1084vxDe,Ig9
1085EPDk,ZRe
1088leEx,aft
1089eZij,JZP
1090WCCE,WP8
1092Fczx,h5X
1096BPfl,OYd
1096kDfs,nl1
1097WHcQ,iTN
1098upxF,Z0Z
1099Fvdy,3vf
1101EYql,0d1
1102Cfnl,y9c
1105ssNT,SJs
1105tsEX,kyQ
1106Bbay,nX0
1107HuaY,rDw
1107MyOf,XVc
1108aIDs,QV1
1114JufO,ttZ
1114obYk,zQJ
1116yXxJ,lFN
1122tPej,GR9
1123KBnK,xvG
1126IFst,6XF
1127TnEb,nX0
1127nPSj,lFN
1128Eeva,YdU
1132voin,995
1133nqoM,OYd
1134xQMO,MUk
1135WHxz,y9c
1139XMwe,MUk
1139ftJi,1kJ
1141RPBs,5DO
1142HbFU,Dlr
1149DnMv,SJs
1149fmRT,FcL
1150Kfor,ZX2
1150YDZc,Fhc
1151mhGb,Fhc
1152usOA,OVq
1153NGHj,edH
1154lSCf,O8S
1155XNgU,Ucw
1156BbIk,OVq
1156nCPJ,y9c
1158VVbQ,iTN
1159JwUV,VAW
1161Ukny,Yi3
1163KgZj,h5X
1164KNoR,CMB
1166exWC,CMB
1167QgwF,5DO
1167tvQn,jxJ
1168aWGd,J2l
1170ovWY,ZRe
1171yJaR,zki
1174MbgN,WP8
1175Zhvd,Q3W
1176JZMQ,Ucw
1177bQJf,N9Z
1182XyKF,6kh
1182hgEe,nl1
1182kztc,aCg
1183JLYq,6kh
1183pmld,Ig9
1185jXkK,zQJ
1186PRPL,CMB
1186XZfK,T24
1190BCJI,FJt
1193Vteu,KXa
1193cfxo,Ucw
1195ltUa,O8S
1198sLtj,995
1199QRyJ,NPX
1201BVMN,Z0Z
1201tGtr,6XF
1205FPwO,N9Z
1205jDnm,MLv
1205xzCf,O8S
1207eMnr,rDw
1207skyD,zki
1207yKKz,1kJ
1209kImV,Lxg
1210XoOP,nX0
1212dpst,FJt
1214MReX,vID
1214mOuA,fly
1215qdmt,aft
1219DAFg,Otv
1220Dekv,xvG
1220ZLcX,uLy
1224Emzw,1kJ
1225Hfnz,Ucw
1226iFki,LM0
1230IkHE,5i0
1232GpWo,jxJ
1232daQg,LTZ
1234bydl,Fhc
1235FSTk,rDw
1236MyZV,aYG
1236oIDJ,ZX2
1237swwI,eAR
1241ZFSm,SJs
1241rcLJ,Irl
1242bmpj,ttZ
1242ksdW,LM0
1248WZWt,h9O
1249DiUO,h5X
1250QZTD,zQJ
1253fiep,eCK
1255kciJ,iTN
1262VGdp,Ucw
1264Uqab,Fhc
1264gwmH,zki
1266cPLK,ZoR
1267Plxd,KXa
1267bCXv,S8Y
1271KVgH,uLy
1274Kkqv,WP8
1277ouZI,Yi3
1278pFqD,XVc
1280lYEy,Ig9
1280oLpX,IVr
1281WgyV,71P
1283IYro,WP8
1287AaKO,ZRe
1289Gxde,71P
1289OtLH,kyQ
1290ePlu,zQJ
1290tSfJ,y9c
1291FIwQ,gDW
1291MqGA,ImX
1291TKfh,eCK
1293fDAE,VAW
1293rIFW,dDU
1294Mhya,zQJ
1294VYRn,CMB
1298EeAu,vh3
1299fQxt,N9Z
1300cDZX,aYG
1303VWty,Otv
1304leCk,kyQ
1306BOgK,X17
1307Avqp,5DO
1307Ohit,SFT
1309Aexl,nX0
1310ptYD,lFN
1311rXMB,Z0Z
1312eEal,1kJ
1312wWBi,OYd
1313lsgC,h9O
1314LtMo,GR9
1314kRxD,Ucw
1314zXYD,QV1
1315DzHC,0d1
1315Jlsg,Z0Z
1317lltp,sTA
1317qZyk,lFN
1321OhCQ,995
1324FPcS,LM0
1324vEpE,VsS
1328RXtZ,MLv
1328gsII,ufu
1330azQl,LTZ
1331BVWN,ZRe
1334AiOV,LTZ
1335KSJW,1kJ
1335MIVN,Otv
1336Yuve,T24
1337edXj,50P
1338HwmG,nX0
1344ThyB,NPX
1346GMWJ,Fhc
1352GHfI,XVc
1353dJgd,JZP
1355FkTp,MUk
1355SNBt,ufu
1355ztJc,5DO
1356knbO,fly
1356vCFf,Irl
1362yNof,bx0
1366gpEf,VAW
1368pYwN,Z0Z
1369ZwpK,lFN
1370OyEm,3vf
1370ReDZ,ImX
1370gFbr,mti
1376VOFR,LTZ
1379bBxY,Lxg
1380HKsZ,jqo
1380fGvJ,5i0
1382vKrG,1HI
1384eoLe,RP4
1384ryhq,LM0
1385mXAs,Fhc
1386krGr,VAW
1387vnvR,KXa
1388AqMU,jxJ
1388QGel,71P
1388xSRf,0d1
1390dohg,WP8
1391CWOy,S8Y
1391JOMe,aCg
1394TklQ,995
1395iWQq,ImX
1395qjmp,jFZ
1398bKOg,T24
1401TXBn,ufu
1401nSUF,ahb
1402rzzc,y9c
1403NeKt,mti
1403fYXr,Fhc
1406AfhF,ZRe
1406iMQa,FcL
1407JMFT,Q3W
1408qbWI,aV5
1408ueAg,ZX2
1411AHhg,jFZ
1411TymO,CMB
1412ZmFp,Lxg
1413jUSJ,YdU
1415JbhR,SJs
1418QeoQ,995
1419ONeg,Yi3
1421MvPZ,bx0
1424GPhA,sTA
1424QLrD,MLv
1424bRqJ,Dlr
1426RzPa,T1w
1426VTZm,ZoR
1426uOTV,50P
1428KrSl,pIy
1429MrpB,J2l
1429cdqK,rDw
1429kugt,SFT
1430LIFt,zQJ
1431LsaX,jFZ
1433cHOe,S8Y
1435qLrM,GR9
1436KcKX,Fhc
1437Loce,nX0
1441dVvV,0d1
1441xvAh,ZoR
1441yzpY,bx0
1442IwTx,zQJ
1442ZxuH,uLy
1445vmFs,SJs
1448DEAJ,SkD
1450vrrY,H7F
1451DzYX,nX0
1452psot,JZP
1452wdMl,N9Z
1454ZBnZ,KXa
1454haDe,r6H
1456Xldp,J2l
1456cgYW,VAW
1456wotd,J2l
1457osre,zQJ
1458vMld,Yi3
1461HFSB,dDU
1463TWvC,pIy
1464rJax,Q3W
1465ldxW,aft
1467btQg,eCK
1468Axvk,aV5
1473Ghhe,jqo
1475otuT,Otv
1482SHIZ,vID
1482hnKp,dMV
1485LNlF,0d1
1488FPkU,QV1
1490lKRe,ufu
1491JtPz,Dlr
1491SbcU,Q3W
1493KeTW,iJK
1493YfvN,OYd
1494KELY,Ucw
1494gWhY,y9c
1497Xraq,dMV
1500RQnE,3vf
1503qzdp,VAW
1504xyap,jxJ
1505ROJo,Dlr
1507tMGV,Yi3
1511StnR,Ig9
1511yQTD,SFT
1512UEfP,H2G
1512ibPA,jFZ
1513pudN,eCK
1516AXbA,T1w
1517oRgz,pIy
1518bqUA,Fhc
1519PVVc,vh3
1521JRuP,1HI
1522oiSY,r6H
1523hRQZ,edH
1524DYBZ,5DO
1524KwKk,SFT
1526SyxA,h5X
1526gOHc,iTN
1527lIsn,1kJ
1528yNDf,OYd
1530LkTN,3vf
1532ikqC,SJs
1534ILyJ,h5X
1536lhdg,ahb
1538KIDX,YdU
1539UTno,jxJ
1542wObT,3vf
1543KZtB,Dlr
1543sgnA,H2G
1544Ccxc,lFN
1545KSwD,jFZ
1545OtdR,wN2
1545TMjw,ahb
1546lOES,T24
1547IiXv,H7F
1551juMl,3vf
1551oGob,aYG
1553cYjt,aft
1553lLZi,ahb
1555fmdG,rDw
1556uWct,jFZ
1556xyBM,zQJ
1558RoHn,T24
1559jrFl,h5X
1559tVFq,YdU
1560otoB,h5X
1561fvEV,Ucw
1563Rdzd,H7F
1565qnOH,Ig9
1567HDOD,SFT
1569qFad,3vf
1570nqms,edH
1576GYmr,nX0
1576RuxR,Irl
1577OuyN,zki
1577fspQ,1HI
1578aUVA,995
1582HITy,vID
1585EqGo,VsS
1586iUrP,ImX
1589cYDw,aYG
1590FMjv,aYG
1591svdX,y9c
1594ZGyz,JZP
1596zYMa,MUk
1597KgRG,QV1
1597RpzJ,bx0
1597voPC,FcL
1598JWOE,aBS
1598zwYC,rDw
1599GXRt,Lxg
1599PcOm,6kh
1599qhRN,ZX2
1600RoBQ,50P
1602JwOM,h9O
1607UlQf,5DO
1607zyQZ,5DO
1608GhKP,MLv
1608JjNh,FJt
1609Hivl,ufu
1609YvWE,orj
1610arxg,FcL
1612BePG,h9O
1612kIIe,aBS
1615HUfc,CMB
1618rphQ,jqo
1618ufoi,y9c
1619dklW,IVr
1620PhZb,ahb
1621qvbb,ZRe
1622bVfl,O8S
1625qHur,MUk
1626SKfu,SJs
1630giTA,h5X
1630hqby,wN2
1631ORZM,LM0
1632UDrw,uLy
1634Xtpz,zQJ
1634mQTk,mti
1634rdtj,SFT
1636scEB,aft
1637xLGN,nX0
1641FWRj,LM0
1641VZCp,zQJ
1642kjri,X17
1646psRE,h5X
1648DzdJ,995
1648YKeh,rDw
1649liCp,Q3W
1650tIVp,uLy
1653jiCP,y9c
1654TjkH,iTN
1654qNWC,h9O
1655ByYK,0d1
1655bbkD,FcL
1655vBwl,aV5
1656GrWO,rDw
1656LPry,ZoR
1656hJxr,NPX
1656jitq,Ig9
1659qKoH,wN2
1661Dkzw,GR9
1662cZmo,LTZ
1663yFgn,LM0
1665hNha,aV5
1669FGig,CMB
1669JgLG,T1w
1669PgDF,50P
1670ficd,sTA
1671hkck,LM0
1672CBVQ,Dlr
1673PUYj,orj
1673eDvB,5DO
1675mDJZ,Q3W
1677OkWr,rDw
1677UuJE,eCK
1680fVSl,orj
1683mKDC,aV5
1684JMPT,JZP
1685EKdR,orj
1685FsSL,dMV
1685jZpC,r6H
1686rnCp,KXa
1687LOyg,3vf
1687yXVv,5i0
1688fBfO,Z0Z
1689Ahcy,ahb
1693tamf,dDU
1694Kixy,vh3
1695LWrI,H7F
1696AoXx,MLv
1698hbWX,H7F
1699xhAS,RP4
1702VtNP,MLv
1703cjYy,jxJ
1703kyyW,SFT
1704hVYk,Fhc
1705EzQt,J2l
1705ILtz,zQJ
1713Dctc,y9c
1715FLUX,6XF
1717fOcW,iTN
1717rgvI,6XF
1717tNGG,NPX
1718XmsM,X17
1718meYU,aV5
1719Lmuh,jFZ
1721mDmF,xvG
1725LVzF,3vf
1726gvxI,aYG
1727YfHB,OYd
1729CyPX,Otv
1731qoru,zki
1732yxTp,zki
1732zQbB,Ucw
1733Faub,SkD
1733SFiA,JZP
1735PqaC,h9O
1737ILUj,T1w
1740aheu,wN2
1740gdTQ,y9c
1740uRCn,1HI
1741CatZ,Ig9
1743XlLS,GR9
1745iqoJ,Dlr
1750jIMi,N9Z
1756EAFk,Yi3
1756voKY,jFZ
1758qsNf,GR9
1761FGjk,Ucw
1761efCL,N9Z
1761vbbQ,ZRe
1761wgkK,h9O
1763EPXn,Q3W
1764hOuu,zQJ
1765zcZx,pIy
1766dBfG,SFT
1767SryW,SJs
1767nHhQ,Fhc
1768LFWZ,0d1
1770lLGF,xvG
1776WoVv,OYd
1777BFcF,rDw
1778ghYf,ZX2
1779TWfV,lFN
1784PINK,6XF
1785wEVA,WP8
1786CvXz,sTA
1787aZiM,aft
1788RhKa,Irl
1790Ftll,ZRe
1798CQue,edH
1798yGsv,Lxg
1801Argm,1kJ
1801QVCG,ImX
1802RjZH,r6H
1803PTUa,y9c
1803nMUd,orj
1806Blno,nl1
1811iomc,bx0
1814gZGd,ufu
1815MSWt,T1w
1818Anbu,6XF
1818VAMB,iJK
1818yEsL,aft
1820JOXb,OVq
1824eWrt,T1w
1828HywD,dDU
1828eBDv,rDw
1828jGXe,uLy
1828sLiq,aYG
1828slOK,J2l
1829yzIK,IVr
1833jXdh,nX0
1834IUdy,OVq
1834apMk,GR9
1838VTxd,jxJ
1839HKkE,jFZ
1840hnAk,KXa
1841dfBI,ZoR
1842DXPw,0d1
1842wJiB,QV1
1849iuSF,h9O
1852usuZ,Yi3
1854GSrh,5DO
1854eQHt,dDU
1856FKfb,NPX
1856sRCg,bx0
1857XHVX,Fhc
1857kpFL,LM0
1858pGld,aYG
1859JUkA,T1w
1860dLon,Lxg
1867ajhj,LM0
1872muIm,5DO
1874tCaX,LM0
1875OxIU,edH
1875uBUM,eAR
1883dves,FcL
1883oYCa,fly
1884qyrp,y9c
1886BXMh,GR9
1892oNBC,Otv
1893Rzqm,xvG
1894BCYt,aCg
1897hXwX,sTA
1898kbre,Ig9
1899owuy,Fhc
1901tWQW,O8S
1903LDRr,YdU
1905XHBq,Dlr
1907Gkuv,GR9
1908GIii,orj
1908vMtJ,J2l
1910DsXG,y9c
1912WkyJ,ImX
1915VUhS,Ucw
1917Eftk,Z0Z
1920RVli,vh3
1920vjGf,LM0
1925Prlc,dMV
1926YmYF,H7F
1926aOBQ,YdU
1927hdjA,jFZ
1928EcrH,1HI
1930TsMj,kyQ
1930Yjdh,rDw
1932epqZ,mti
1932uWDe,Ucw
1937vlza,orj
1940joZK,T24
1941PmlW,edH
1943Aasw,h5X
1946CRgH,aV5
1946UOIY,Ig9
1953YQFr,1kJ
1954CuJn,aV5
1955HORb,ttZ
1961zkPB,sTA
1963mbtw,N9Z
1969DCQl,SFT
1969JcLO,dDU
1969XsPh,5i0
1972rvaN,pIy
1973JtVr,SFT
1975bJHl,MUk
1976bfTP,50P
1977MhBj,0d1
1979roGC,gDW
1981Bxpu,SkD
1981ujOT,OVq
1984cBim,3vf
1985DWso,OVq
1985PqtP,lFN
1985aZJs,O8S
1986iJoA,5DO
1990TpCy,Otv
1992ZQiE,zki
1993rjYP,Otv
1996Ypse,T24
1998pDDy,gDW
2001dsvV,FJt
2002MuCU,VsS
2006uoIK,nX0
2007RDXn,vh3
2007yXXj,aCg
2008Dfli,0d1
2008vHdT,Fhc
2008ykaX,SkD
2009fOeG,CMB
2011pQSt,6kh
2013yuFP,995
2014NeUt,aBS
2017Gzin,zki
2017iQRs,bx0
2020dirK,GR9
2021RpQu,pIy
2022pwhz,aft
2023qaWQ,mti
2024pwEr,nX0
2026Rtrq,XVc
2028EQpc,JZP
2032XprE,ZX2
2037QPxl,mti
2040SyVO,Dlr
2042IZvx,XVc
2043nxBc,jFZ
2045gLVF,aV5
2048YWOu,N9Z
2049CRkY,aBS
2049cpqw,ZRe
2050Kyex,XVc
2051ItFS,vID
2051kwHe,jqo
2053TYxk,O8S
2056ARca,ahb
2056JTTu,1HI
2058bvKk,h5X
2058yhYd,NPX
2062FpXD,X17
2064mpwB,Z0Z
2064pabU,Ucw
2064yMRU,zki
2065MrrA,uLy
2067VfKG,Z0Z
2067qPWi,y9c
2070AUiG,Lxg
2072HOMa,aYG
2072Lsqb,ZoR
2074CUsf,bx0
2074letZ,eAR
2078GZpc,XVc
2078nEHV,jxJ
2078ukcA,VsS
2079pXBZ,fly
2079yMPO,lFN
2080HlzN,H2G
2081ITtL,XVc
2081zxcW,aYG
2087PdxY,ZX2
2088QVBv,nX0
2089NzIe,jqo
2090BBxU,lFN
2090GNXO,LM0
2090zdQK,J2l
2091UhzG,ZRe
2092gYmP,jqo
2092hINu,SFT
2094jCMT,jxJ
2097WkMR,uLy
2097vVxj,J2l
2098Gvho,Otv
2099MxZF,bx0
2100tkIN,ZoR
2104RjLa,X17
2104UQJp,iTN
2104pMnX,kyQ
2105Lnho,5DO
2105xQYM,aV5
2107Whft,H7F
2108fQfk,aBS
2111rHQg,vID
2115XwhS,aYG
2115ifya,71P
2117lvAS,Yi3
2119DDST,eAR
2120BBby,ahb
2120Qjkj,RP4
2123DNeE,NPX
2124XQoy,71P
2124ZTNC,LTZ
2129URkv,orj
2129eUsV,1HI
2129nHXz,OYd
2132KuCH,1kJ
2132lzEn,edH
2132tbzk,H7F
2135xjYl,CMB
2136byLC,SJs
2137ixnT,eCK
2138fNPf,KXa
2141rnjt,FJt
2144DVOj,zki
2146bQAW,r6H
2146wKbn,1kJ
2147lDof,MUk
2149oknu,h9O
2150GphK,H2G
2151BUEI,NPX
2151GmRA,LTZ
2151JggV,O8S
2151ktjp,VAW
2153GoRK,jFZ
2153SizJ,5i0
2153tvqQ,SkD
2154GJIc,aft
2156ZvxB,H2G
2156hvIQ,6kh
2156ldIO,N9Z
2157Eahp,GR9
2157ZjRy,bx0
2159kFoU,bx0
2163GJVq,r6H
2163mTyW,XVc
2164dxXq,FcL
2164hNXd,uLy
2165Quhy,6kh
2167nRue,jqo
2167uwOi,J2l
2168cXjI,iJK
2170wpNT,1kJ
2171PgIR,VsS
2174xmnr,jFZ
2177DtTA,vID
2177RZJh,edH
2177nDta,50P
2178wkxu,MLv
2178xgsi,pIy
2181EAjN,ImX
2181ZpLH,6kh
2181ptmz,lFN
2183DIpH,ahb
2185cXuE,xvG
2187cCge,6kh
2187mHMK,eAR
2189JyKk,fly
2189zURp,eAR
2194EPEO,SkD
2196lGSC,gDW
2199BWnb,LTZ
2205LRSH,1HI
2206sAKt,H2G
2207pWEE,RP4
2210KLxW,h5X
2210tkdM,6kh
2212ybeE,FJt
2213CPcq,bx0
2213FtrL,QV1
2215brLX,bx0
2215xrkT,T24
2216GUZa,rlZ
2217kHvE,Fhc
2218sKOf,nl1
2219LHlT,fly
2219ssgG,fly
2220Msaf,eAR
2223bJGW,RP4
2224oxGG,OVq
2226mkbt,xvG
2231Tbzu,fly
2232VxfA,jxJ
2233Cmid,XVc
2235GpQa,OYd
2236MRYj,mti
2238OpUX,sTA
2240JqRq,zQJ
2242MrDt,T1w
2243RntE,Lxg
2244MSru,6kh
2244fwGk,aft
2247oIIj,jxJ
2248lvqZ,KXa
2252zvzI,VsS
2254eLzF,Lxg
2255TsAt,jxJ
2255fdSL,5DO
2255wbHA,eCK
2257tRkz,jFZ
2258DMjy,orj
2259mpKV,GR9
2260eywl,SJs
2261vNhV,lFN
2261xSmX,dDU
2262OYgj,orj
2262WqNN,orj
2264qOvP,T24
2264qplV,5i0
2265MbAc,NPX
2265OSLy,ZoR
2266wIuJ,r6H
2266wdWx,rlZ
2269RvHj,50P
2271TruT,nl1
2273AcxG,ZoR
2274izel,edH
2275zUAG,vh3
2276XtNb,995
2276mbKm,eCK
2276ocur,ufu
2279LgAj,aBS
2279hlvr,sTA
2283DfYu,iJK
2283qiKx,S8Y
2284eWhP,bx0
2285IGzO,dMV
2286ToQD,GR9
2288HFaN,SFT
2289naYb,6XF
2289whlU,jxJ
2290TjmH,Yi3
2290fEfw,6kh
2293EalH,H2G
2295KQeB,gDW
2295cQQJ,lFN
2296lXMr,Fhc
2298hTCu,N9Z
2300weqX,eCK
2301HJoJ,aCg
2301JKHz,MLv
2302BkPj,Ig9
2303Kmtf,aBS
2304EINi,N9Z
2304hfcj,0d1
2306KPju,nX0
2308HXHa,VsS
2310Iail,NPX
2312ltxj,5i0
2312sijS,vh3
2316tAmU,aYG
2317bUbs,QV1
2318psiR,KXa
2321DpIF,GR9
2325gVxA,wN2
2326PeOz,6kh
2327JfEP,ZX2
2327xSVv,KXa
2334PKbl,aYG
2336KhBp,NPX
2337usrZ,H7F
2343IDJb,sTA
2347dJYU,Fhc
2347sHQh,eCK
2348IHUG,Yi3
2349TbmT,995
2349zchr,jFZ
2350qmdv,SkD
2355dCqC,iTN
2355pzLg,ZX2
2356tLDT,O8S
2358jQpX,FcL
2361tyeT,Lxg
2365QLtI,S8Y
2365zbBU,X17
2369fxnL,Otv
2369hWtW,KXa
2374lTGO,Dlr
2376AeUx,Lxg
2376GxGO,5i0
2376MuYK,Z0Z
2378xWtl,VsS
2378ycci,mti
2380bfgH,ZX2
2380kQco,rDw
2382nsYq,Ig9
2383TUjI,1HI
2383Ueee,71P
2383YCHS,Z0Z
2386FEAp,LTZ
2386OYmh,3vf
2386vcHk,OVq
2386wWOM,pIy
2387KBbM,VAW
2387yZan,jxJ
2389pdio,RP4
2390FkYl,CMB
2390Ubea,JZP
2392LUJg,XVc
2397FzOU,WP8
2398NnKS,Lxg
2399hPtA,6XF
2399xGmj,VsS
2401QPbu,0d1
2404cLwv,Ucw
2405kafG,1HI
2406aBOA,N9Z
2406mOTC,IVr
2406stbt,Irl
2407UKxw,1kJ
2408iHlS,aBS
2409aFCK,aYG
2409czzs,xvG
2409oulr,H7F
2411mlqz,Otv
2414VtUg,Dlr
2414bNFA,rlZ
2414rljU,aV5
2414yjJG,vh3
2415xNkR,Dlr
2418QAND,vh3
2419dPko,ahb
2425MudU,H2G
2425mcuc,jqo
2426UzDX,1HI
2427FMzF,vID
2431HgkY,ImX
2432dcRT,orj
2432ecUh,1kJ
2432rUck,QV1
2433Whpt,jxJ
2436DTfv,H7F
2436aSua,ZRe
2437ODJJ,Irl
2437rJjw,GR9
2438HRJL,aft
2438cPjT,H7F
2439LgbV,nX0
2439dltF,uLy
2439xcHL,Dlr
2442hPGz,jFZ
2444MWay,O8S
2445XeBt,6XF
2445cZXJ,ZoR
2448MyFs,jqo
2452fdhO,Ig9
2453YRap,OYd
2454cIDQ,O8S
2458IArr,6XF
2459MkKf,ZX2
2459YZRV,ZX2
2460VAhj,NPX
2460isaj,r6H
2461EVzj,h5X
2462aRmV,Ucw
2464QRCf,jFZ
2464WsAt,iJK
2464wQqk,SJs
2465Ndrj,aYG
2468cbxS,5i0
2479qexL,CMB
2481xScr,aV5
2484YqVj,Otv
2486hGfb,VAW
2487zrcs,r6H
2488ialC,ahb
2488klBp,GR9
2490dsHV,nX0
2490teoq,RP4
2492BMGL,O8S
2492emsy,QV1
2494qmUd,Q3W
2496LafN,xvG
2496azVX,IVr
2501QGvf,ZRe
2502ELsc,edH
2502qiIG,71P
2510zHal,Lxg
2512GORv,6kh
2513wwsb,Q3W
2515uCVu,gDW
2525EuIK,S8Y
2527eiWu,CMB
2529rKeh,ZoR
2532AjAg,VsS
2533FKji,ZX2
2533MCoA,0d1
2533lWlo,N9Z
2534vbxh,SJs
2536SezS,OVq
2540jfXL,vID
2544zPKf,5i0
2545UTtH,fly
2545XRfa,1kJ
2545YdMt,0d1
2545tvng,lFN
2548HEVN,GR9
2549fSLq,XVc
2550LdKX,Ucw
2555keUc,NPX
2555youc,Q3W
2556NgPx,S8Y
2556wmrd,Z0Z
2557sjTx,T24
2559HLHw,5i0
2561GOSb,ZRe
2561pjeU,xvG
2562nUkM,rlZ
2562rVHv,H2G
2563kdhM,WP8
2563wsWK,orj
2564PZbU,Q3W
2567IoxY,eAR
2568kNld,IVr
2569Fwvh,Fhc
2570LUIr,lFN
2570LYfQ,OVq
2570Tpei,NPX
2572JvGL,dDU
2573BjeP,sTA
2573HOWA,vID
2573mfMU,MUk
2575WZjG,zki
2577pAIb,aBS
2578nVPK,1HI
2578rvax,OVq
2581QYAM,jxJ
2587QPea,aYG
2589hTZG,mti
2589iJYt,5DO
2590VDfz,71P
2591LHfI,995
2595CskU,mti
2595MzOk,jFZ
2597antN,r6H
2599gSsV,SJs
2599zXVU,vh3
2600lMLQ,KXa
2602sDdC,Ig9
2605Vuqs,ZRe
2606caEE,0d1
2608xAPa,wN2
2609BnjD,pIy
2613nVWr,aft
2614tPIk,kyQ
2622LQmF,O8S
2624Byyv,QV1
2627bDfQ,eAR
2628xNwP,Yi3
2632jjlL,ZRe
2633BOxe,Yi3
2633KdMM,O8S
2635fGlj,aV5
2641qOAX,nX0
2643FFFk,aCg
2643nOtF,T24
2644TLEh,IVr
2645fUrN,nX0
2646ELJb,3vf
2646ZVsY,VsS
2647Pljz,KXa
2647yGlt,nX0
2650xZUn,Dlr
2652WgYO,QV1
2654OJYC,T1w
2655VYaO,aV5
2658UwVe,jxJ
2658bFTB,Lxg
2658ygha,MLv
2659vyiF,dDU
2660pLPu,T1w
2662aHWM,jqo
2662vqZF,5DO
2664Adpa,iTN
2665VVTa,eAR
2667AaPq,VsS
2667pTdi,Q3W
2669aOCL,aYG
2672BPDT,sTA
2675ZXZw,ahb
2676XThG,aft
2679iGIW,KXa
2680MQVm,gDW
2680iorJ,xvG
2681FyzV,LM0
2682brif,O8S
2682vaVg,pIy
2684BsKT,Yi3
2684Mqua,3vf
2684zbmE,X17
2685omog,edH
2688LuvS,aBS
2690eOLQ,kyQ
2691YdHZ,S8Y
2694FbNs,h5X
2694JBac,Ucw
2694uEph,FJt
2695kNnf,71P
2695rahm,5i0
2699nkeI,FJt
2701uEAY,Z0Z
2702ukuj,SJs
2703fyAV,iTN
2703lDzB,nl1
2703vKNk,nX0
2704yXoT,Ig9
2708PRtN,ttZ
2708VheF,nX0
2708yJiF,dMV
2710DLoM,ZX2
2710Gqob,Dlr
2713TVNr,MUk
2713iKWo,eAR
2715bkAm,sTA
2719nqbB,H7F
2724WgIp,MUk
2726WQaO,5DO
2727smkD,iJK
2730fUfS,jqo
2732fVlj,ImX
2733cFlZ,Ig9
2733qGcW,O8S
2735kxzL,bx0
2738NCsh,Dlr
2738xSlZ,O8S
2739wHge,MLv
2741YbBY,995
2742CPYM,zQJ
2742SWyo,Lxg
2745cUed,GR9
2745sKqr,wN2
2746cKnf,MUk
2746uFQl,X17
2746xXdr,jqo
2748FARy,orj
2748zLRp,J2l
2749OvVx,aft
2750vkwv,jFZ
2751iIQF,J2l
2756KDkd,O8S
2756LCZz,ZRe
2759bCWw,H7F
2762IxCF,OVq
2765DoPY,RP4
2765FrXn,YdU
2766ObOi,OVq
2767YfGw,50P
2770BNJN,y9c
2771uZjv,dDU
2772hiGE,aCg
2772zHxv,6XF
2773NjuJ,jFZ
2774jSqf,aft
2775ofYT,GR9
2775xcsu,SFT
2776VmjE,vh3
2779hFfG,Z0Z
2784aKps,uLy
2785FkQK,SJs
2786SNpJ,VAW
2787xeJs,LM0
2789Tzom,jxJ
2791fKwJ,kyQ
2792bmQR,X17
2795YrlD,6kh
2796zldQ,VsS
2797iRbU,wN2
2798zAIa,xvG
2799oxFq,T1w
2801maln,QV1
2801zMwW,Irl
2802Jgtl,rDw
2803aIJQ,lFN
2803chLN,S8Y
2807IhQA,NPX
2807kSia,S8Y
2807vVWQ,r6H
2809aObv,vID
2812FKHx,O8S
2813NgHa,pIy
2814fZPh,GR9
2821OXpT,5DO
2821mveC,Yi3
2822LsLx,nX0
2822oJjs,rDw
2824oqXB,nX0
2826xFCI,T1w
2828OxuV,jqo
2831jHMP,rlZ
2837BAgf,kyQ
2838RoTv,Irl
2839dfcw,JZP
2840UsSx,dDU
2841lITr,dDU
2844ZbLO,Ucw
2845fAxx,J2l
2847NnVn,ZX2
2848qQDF,pIy
2850ERuv,CMB
2852VCZX,jqo
2853RXrG,jFZ
2853pQNj,6kh
2855LsDJ,r6H
2855zggO,YdU
2860qJIf,1HI
2862cEXE,6kh
2863aMLK,T24
2863vmkb,T1w
2865jMBK,nX0
2865lYep,71P
2868fVIL,RP4
2869NkPS,FcL
2870bXeQ,OYd
2870siqD,VsS
2870tcrM,Otv
2871Byxd,GR9
2871MDhj,RP4
2871OPsl,T24
2871ckRv,T1w
2873eXRg,aCg
2878PkCj,y9c
2879JSyU,aYG
2880PuqX,aft
2880RKnl,S8Y
2880iucv,iJK
2882OFxN,xvG
2885LlIx,ImX
2885gXZm,gDW
2885myth,5i0
2887zpLQ,YdU
2889JkPh,fly
2890RcTi,aft
2890pswd,FJt
2893LILy,LM0
2895CDgr,H7F
2895OHmk,5i0
2895gjxn,ufu
2896bMqz,1HI
2897IyuT,1HI
2897gUKo,T1w
2901WmEg,5DO
2904AILH,edH
2905LsnO,aV5
2907mVhe,wN2
2912FSRV,MLv
2912jOJi,r6H
2913zdmK,pIy
2914kpcy,5DO
2915SAow,rDw
2915eNEF,h9O
2916dCat,mti
2916eVNn,MUk
2917haAs,T1w
2919GhUn,LM0
2919OIkw,MLv
2919QJdM,50P
2921ccLW,iTN
2924RZHJ,6kh
2924tYKr,T1w
2925FIzb,Q3W
2926qpDX,h5X
2929Wtyw,5i0
2930iiRo,h9O
2930yxcH,XVc
2931KLDW,5i0
2931yYJR,h5X
2933kWTv,KXa
2934gEFF,MLv
2934kDcX,995
2936OXdQ,ttZ
2937gHuG,SJs
2938nomG,50P
2941grCQ,rlZ
2941wIid,QV1
2947FZpY,SJs
2947PQbF,Yi3
2953JAMU,FJt
2953WaDp,pIy
2954shnn,T24
2956Uhkh,LM0
2960PVXu,vh3
2961ajEP,Fhc
2964TNwK,IVr
2965KxPU,JZP
2966yTmf,jqo
2968Wjlp,O8S
2972gCrD,dDU
2972kJWz,H2G
2975XiCz,MUk
2977KmiP,RP4
2977LfRx,h5X
2978hetH,VsS
2980PjFW,SFT
2980dtiH,bx0
2981eENt,WP8
2982KxXo,aV5
2984iyFx,mti
2984oUxK,aV5
2991JFfq,LTZ
2994epeV,KXa
2995rnEg,bx0
2996PEjR,iTN
2997Gfoe,wN2
2997knQh,pIy
2998qaYe,wN2
2999DkXl,MUk
2999uFat,wN2
3000DZzo,gDW
3002MufW,QV1
3008IwqN,Ucw
3009xizL,iTN
3012OFCm,aCg
3012VhsC,jqo
3013AGWN,Fhc
3013PKDl,vID
3014aMgB,zQJ
3015BDBC,vh3
3015oweF,dDU
3015ybMu,FJt
3017NQiX,ZX2
3018aJlN,vh3
3021JxbD,1kJ
3021WBwv,vID
3021rocv,JZP
3022DHWo,MUk
3022wwxV,H7F
3023aBZi,r6H
3025opqW,dMV
3025rUZs,MUk
3027tQXY,XVc
3030SPLJ,5DO
3030zPEY,LM0
3031ppxF,J2l
3033QMIV,VAW
3034aqFM,aft
3036PVxw,X17
3037xkbL,rlZ
3038wWEm,iJK
3043IJPv,0d1
3046nJVx,orj
3047Kwsp,h9O
3047fkMw,FcL
3048QtEL,edH
3049HavD,Yi3
3051KZjC,wN2
3052TlGJ,J2l
3052mHmI,wN2
3053jIDQ,zQJ
3054QoXP,RP4
3054iYQv,6kh
3055XjEn,lFN
3057YuGd,zki
3057cmUa,orj
3058BZuN,Dlr
3060EJof,T1w
3060sLkQ,Otv
3061mjPv,ZRe
3062mbPa,Dlr
3064JhSw,IVr
3065sMVj,rlZ
3065tluE,jFZ
3067cKwG,nl1
3068ALIq,6kh
3068KDVk,rlZ
3068aKYA,zki
3070Chqt,rlZ
3070THZY,nl1
3071ghDX,OVq
3071xjdQ,nX0
3073CdKh,rDw
3074zCgv,LM0
3077IjkJ,OYd
3078wZiK,Z0Z
3080rJwW,T24
3081CyfX,ZX2
3082oKsA,OVq
3083CDHK,lFN
3083LJrj,CMB
3084NqLd,OYd
3087dPNV,bx0
3087rzsf,Ig9
3089pxff,QV1
3097VzrP,YdU
3097pMFU,zki
3105nIvx,3vf
3105xUgq,1HI
3108IRib,eCK
3110QlSa,lFN
3112hUCG,iJK
3113DHvs,r6H
3113dEff,6kh
3114DzPp,995
3118PmgR,jqo
3118nJfL,CMB
3119QTLw,71P
3119vsCY,nl1
3125CAhc,KXa
3125lGLF,H2G
3127VBcH,SkD
3129FXKH,zki
3130YUvM,WP8
3131JCaZ,pIy
3132Aqfu,zQJ
3134gBKZ,NPX
3135HxxW,S8Y
3140jAco,gDW
3141ukfX,3vf
3143zxgE,CMB
3146RRNw,sTA
3147IGpZ,Irl
3148GIWJ,5DO
3148IQey,CMB
3148ovsf,zQJ
3150yejv,xvG
3151qeHH,zQJ
3154GQxv,71P
3154YfFs,X17
3154puXP,jFZ
3154riVD,3vf
3156XNjb,SkD
3157CciB,ZoR
3157qFyL,zQJ
3161SUdL,SkD
3161dUnk,FcL
3162rIwZ,nX0
3162xRtf,CMB
3163ICwX,H7F
3163jwJY,YdU
3164NvKG,6XF
3164pgju,RP4
3165cJTR,MLv
3168QcUm,dDU
3168qYNj,vh3
3172CteF,71P
3173lzKQ,5DO
3174eHDr,nl1
3176dCLr,X17
3179mklA,aft
3182IKaU,FcL
3182ntUk,ZoR
3184lBNz,jxJ
3184vmLc,T1w
3187AomX,Yi3
3188oOEf,MLv
3189UtPl,WP8
3190Nact,H2G
3193JFhF,3vf
3193XVnp,h9O
3195cGVc,Ig9
3195qzoC,y9c
3195zrWG,H2G
3199QXut,T24
3201HnHS,Yi3
3213aqiZ,ufu
3214ncYL,CMB
3218WOiU,nl1
3218gAGd,MUk
3221pBBZ,zQJ
3222nmNB,ZRe
3224iUYD,aft
3224uzOL,Lxg
3224zoKb,X17
3226KTig,T24
3226ZdJT,XVc
3226zUuJ,iTN
3227ObyH,S8Y
3231PfHc,50P
3233vTtY,rlZ
3234HeVK,995
3235WzwN,kyQ
3237jhfj,y9c
3242RKCj,OVq
3244cJdt,Dlr
3244mTxn,1kJ
3246iHEv,VAW
3247QZHk,5DO
3248jUPX,r6H
3250GDjv,3vf
3251YtpY,vh3
3252agPq,Irl
3253eBXO,h9O
3256Gell,Yi3
3257xZtk,VAW
3258PpFe,OVq
3260BSsu,995
3261ADWn,iJK
3263nuSq,eAR
3264ofwm,r6H
3265Fnkp,QV1
3267UCMr,lFN
3267UZfY,VAW
3268hFkk,sTA
3269HUwS,dMV
3272KXPJ,Yi3
3272MKIu,fly
3274AWqb,JZP
3276cMLa,ahb
3279xtNu,edH
3281toSJ,iJK
3283pxbZ,Irl
3285rSIh,Ucw
3290GSPo,iJK
3295MLct,h9O
3295vNvu,Yi3
3298UqfS,1kJ
3299Roer,h9O
3299xzzX,SJs
3300AjqW,SkD
3300oMrX,IVr
3302itEz,OVq
3303catR,edH
3304IHUo,jFZ
3304TkSr,y9c
3304ZppB,ufu
3307BrpX,X17
3307MpKY,iJK
3312JReK,SFT
3312WRES,uLy
3313iFPW,J2l
3314owVf,Dlr
3315fDZU,J2l
3315kfhF,dMV
3316Ccgd,ZX2
3317sGBU,SFT
3318cxpR,orj
3319roKd,nX0
3320SXYu,Fhc
3322htLZ,QV1
3329fKQB,T1w
3330NCny,ZoR
3330hCuv,VsS
3334XUrx,SkD
3335lGTd,SkD
3335lari,VsS
3337CsGQ,T1w
3339Udwi,ImX
3340cVwK,mti
3342Korx,MLv
3342QXsh,ttZ
3343KGNh,zki
3347pHDp,xvG
3348ttOz,KXa
3351MyZZ,vID
3353LqIV,Dlr
3359bUkH,vh3
3359vWJN,Yi3
3360Gbzy,xvG
3360zKbe,eAR
3361CnwS,nl1
3361zcju,jxJ
3362SWZU,Otv
3362VpCp,J2l
3362WdVs,jqo
3363rdsO,Z0Z
3365SGPq,FcL
3366JemK,71P
3366vwnt,Lxg
3367XRrq,pIy
3368CUdX,fly
3370umZx,H2G
3371FVMz,5i0
3374igzy,ahb
3378IAde,MUk
3378NjOq,KXa
3378PSqL,orj
3381cIlo,0d1
3383ZnVe,IVr
3384GUQU,1HI
3385LkXO,J2l
3388KDHj,5DO
3391NdAb,Z0Z
3391RikI,SJs
3397yJUT,Fhc
3400pbPw,Ig9
3401Hgqd,WP8
3402hVyQ,Q3W
3403KfOn,O8S
3404xNKC,1HI
3405ObQn,LTZ
3405iSUd,zQJ
3406jhAN,RP4
3408Aths,5DO
3408MMJa,wN2
3409PlJd,CMB
3409kynP,eCK
3409mSZb,ZX2
3409xyYv,aYG
3412JrLD,xvG
3412Kcgt,JZP
3414NLjN,FJt
3417iLmX,FcL
3418wMyM,Fhc
3420LIZf,aYG
3421wldr,SJs
3423Saqv,zki
3424ntte,zQJ
3428cYqM,H7F
3429Okwy,ufu
3432wxtk,r6H
3433Oame,iJK
3435BTNF,O8S
3435YAlL,xvG
3435iUMN,T24
3436KJQR,wN2
3441BSdm,Irl
3442jXlX,RP4
3443BNZY,r6H
3447aZTb,WP8
3447rGHy,edH
3450RMQF,gDW
3453DqGg,zQJ
3454HDRw,dDU
3459lBrs,nl1
3464CmDL,1HI
3464igHk,5i0
3466RZvb,edH
3467tnqD,ttZ
3468BILS,iJK
3468ZFfN,aft
3468usDr,5i0
3470TdcV,pIy
3472LIKI,uLy
3473VXKa,wN2
3474BRew,uLy
3476oXew,h9O
3478aXgP,edH
3479qwMj,0d1
3484kirJ,uLy
3485ZEji,nX0
3485vnKG,dMV
3486Jpue,VAW
3486lRLC,KXa
3489IGlH,OVq
3490TLdx,aCg
3490aEMm,6XF
3491SFtZ,ZRe
3491ymJM,5i0
3493zFOG,aBS
3495Xfle,T1w
3497jXhp,JZP
3498PHdv,NPX
3498joIq,lFN
3499cjJl,J2l
3502Alje,N9Z
3502vJHB,Yi3
3504OraD,lFN
3504vkTv,nX0
3505HtZB,dMV
3507ONDG,WP8
3508qgRS,71P
3510NziH,r6H
3512MrQG,QV1
3513HkSg,0d1
3516DDmF,6XF
3516oSgR,NPX
3516ranT,N9Z
3517zKRD,lFN
3518OCHu,H2G
3519folO,ZoR
3519wwpo,vID
3520ahPd,jFZ
3529eHXp,Dlr
3531FDtE,VsS
3533juMb,KXa
3535yUjM,FJt
3536xtFC,OYd
3537KzYL,wN2
3537kPoX,VAW
3539EGST,aCg
3542aBBp,0d1
3544vrjt,pIy
3545MizB,aV5
3545YwWI,VsS
3550uXfk,h5X
3552gBwt,SFT
3553hqUC,uLy
3554QElj,Yi3
3554cSlm,Dlr
3554zbol,IVr
3559nTEh,1HI
3559pKLD,T1w
3564nETF,h5X
3568BmMC,0d1
3568CFOp,RP4
3568Rizx,CMB
3569Yddp,fly
3570xnnt,OYd
3571JCoo,6XF
3572VXAI,aft
3572WHWn,Otv
3572oYat,0d1
3572siRa,QV1
3573dsjj,wN2
3574Xmez,71P
3579jlAa,6kh
3579kEcy,J2l
3581AbKp,ttZ
3581WDhQ,ahb
3581wybh,OVq
3582CJuY,ttZ
3583NvrV,orj
3583ieKN,OVq
3585qNpx,eAR
3586zzdo,6XF
3587OHtz,jFZ
3588LIFf,SFT
3589LYan,6kh
3590wfDQ,T1w
3591IAQr,nX0
3592psMw,aBS
3592zjnG,vID
3593tdCG,SJs
3593tveV,jqo
3594kYOR,VAW
3599Dhbw,ImX
3601TEbT,sTA
3602dDyA,KXa
3602kdQM,ZX2
3603LJLo,NPX
3609GqkE,1kJ
3609IPdq,eAR
3609lcxw,pIy
3612oDbz,Ucw
3617wjXU,IVr
3618cuLw,aV5
3620AeTn,gDW
3621sgIn,XVc
3622cnbA,xvG
3623SVZM,eCK
3624LIKu,ZX2
3624xYgC,aYG
3626WemG,dMV
3627AVOf,1HI
3627bXyV,nl1
3629wYIq,6kh
3631cejp,ahb
3634RZlq,71P
3636LkZb,X17
3637fjwj,bx0
3637tQZO,MLv
3639RghN,LM0
3639jzmT,WP8
3641vNHO,OYd
3642zBvn,OYd
3643TlGN,nX0
3644DjYV,T1w
3644Wjza,3vf
3645NDdA,YdU
3645tRSx,GR9
3647WuJw,1HI
3649sFqU,eAR
3650KyCe,ttZ
3654lOlu,sTA
3655SgEZ,uLy
3655yAgq,orj
3658FEko,RP4
3662SYrE,FcL
3663onVc,Fhc
3663plxM,ZoR
3665sxBi,bx0
3666hylE,5DO
3667nXCy,OVq
3675GVRP,ahb
3676KEtk,wN2
3676xVAF,OVq
3681DrOR,ZRe
3681kZli,LTZ
3682CwSw,ZX2
3684EElY,ZoR
3684hDyr,XVc
3685VTbK,Ig9
3686PpBS,QV1
3686jJTR,FcL
3687PtWI,3vf
3688jKaM,OVq
3690YgBo,Irl
3691iteu,lFN
3692cslz,iTN
3692hwJI,Yi3
3696qhSm,MLv
3697IMiQ,6kh
3698Dmzo,VAW
3702hexo,3vf
3704Dlzz,kyQ
3704YNPv,Z0Z
3705ktaI,ufu
3706MHOg,ZX2
3708edIa,dMV
3708pNWf,edH
3709wYGO,zki
3711cCak,vID
3715JhFt,lFN
3717sAdQ,O8S
3719CveB,rlZ
3719ZfUR,vh3
3722iVWj,5i0
3724ECjL,Q3W
3731xFWR,KXa
3732YAZZ,rDw
3734BfVt,FcL
3735kiiz,iJK
3738PUWq,MUk
3738graG,ZoR
3738gvQt,h5X
3739pmwS,jxJ
3740ZgKi,NPX
3740jpKR,KXa
3744Qrwz,ahb
3746lHrX,YdU
3751hcFY,jqo
3753iCEx,WP8
3753iLJz,1HI
3753oyvd,LTZ
3754bkGS,SFT
3754drow,eCK
3757PmTc,6XF
3758IrSz,ZX2
3759EGRd,FJt
3759KNLY,T24
3759wsWZ,O8S
3761VPsl,ufu
3761feKG,aV5
3762IQoJ,ImX
3762rePn,X17
3765pJru,Z0Z
3769NnyR,aV5
3770KIMs,OYd
3770MdHS,nX0
3770wzyL,ZoR
3773tJXf,zQJ
3773wmhC,GR9
3775DGsJ,FJt
3777TSib,XVc
3781etTb,aBS
3782HeIU,dDU
3785uoFB,Q3W
3787Kxmu,aBS
3788JkMC,sTA
3788PTBk,r6H
3788tYKm,ahb
3791hAlB,S8Y
3796yhRH,zQJ
3798WJCx,pIy
3798oPKx,1kJ
3799BNSP,OYd
3799CJCL,iJK
3799jxYq,edH
3801IMHv,WP8
3803ELch,nl1
3803MzFo,aBS
3803PFVn,Irl
3805NebV,mti
3806TkHD,edH
3806zxjO,LTZ
3807ZCEC,GR9
3808RCBC,5DO
3808sIZx,bx0
3809AwSF,pIy
3811DjKq,J2l
3813XvxZ,xvG
3814cvcB,SJs
3814dVts,XVc
3814reLK,X17
3817oOzg,rDw
3818gtMy,ImX
3819EQWh,71P
3819OinE,Ig9
3820CZzg,Irl
3820WtNR,zQJ
3820Yjnz,uLy
3822QIuc,kyQ
3823Gwqb,aV5
3825ANNm,VsS
3828fCvp,Q3W
3829uCqA,ufu
3830ThBS,r6H
3831ZlfB,aft
3831xiRX,Z0Z
3835vrHs,XVc
3836GQUT,aBS
3836akdJ,S8Y
3837AMDJ,aYG
3838Glfj,995
3838lICk,LTZ
3839EMRp,zQJ
3839muxY,H7F
3842gXCN,ZX2
3843TLfm,O8S
3845ZOvS,Ucw
3852BoWY,3vf
3852KzyH,6XF
3852UAEB,1kJ
3853cFgJ,JZP
3853kNUr,ZRe
3855DWmv,OVq
3858noOq,50P
3860KAJd,Lxg
3861MESL,5i0
3865mJRe,MUk
3868hSCI,JZP
3871LUNo,OYd
3872KYER,aCg
3874aeqn,LM0
3874iMDd,ZRe
3877zAIC,Lxg
3880jFGo,FJt
3882dNlp,aBS
3882oXhR,fly
3886QYnV,h9O
3886Rhwm,H7F
3886njjL,Yi3
3887OTSc,J2l
3889nxvr,Q3W
3893YpdL,KXa
3894oyxm,MUk
3895RrUC,zki
3896fsWT,XVc
3896zTxe,S8Y
3898iGto,NPX
3899mONE,xvG
3908Mhka,sTA
3911IPhT,aft
3911boEJ,MLv
3914BzWQ,aft
3914arKG,nX0
3915fmph,RP4
3916rqzi,YdU
3916usNX,jqo
3917pNqi,KXa
3918WWWe,y9c
3922FNFH,sTA
3922UhKW,N9Z
3922fQfe,mti
3923iTYd,aBS
3924WHlM,vh3
3927ndLx,ZoR
3928aHhk,3vf
3929Qcdl,N9Z
3936jtng,6XF
3937BoMV,dMV
3937cnjA,ImX
3938tHBC,h5X
3940HYWq,0d1
3941Jcza,1HI
3941OtvA,SFT
3941iYML,nl1
3943yLjZ,5DO
3944DZgm,eAR
3945chas,6XF
3946Ydyg,CMB
3947WnhB,MLv
3950SBMx,dMV
3950uDxH,Ig9
3951pGGj,uLy
3952Ahtj,FcL
3952HEyz,H7F
3955ErWE,YdU
3957NCpt,rlZ
3959vUce,Yi3
3962hEbX,eAR
3965VdkN,VsS
3965uzxM,Q3W
3967KMrT,pIy
3968XwXg,OVq
3968ZcKM,SFT
3969OgBK,nl1
3970revD,Q3W
3970vAoj,QV1
3972AYcu,nX0
3976pvyg,T1w
3987APAx,Dlr
3987cjjG,Z0Z
3989rwZR,jqo
3989tRSt,lFN
3990TWSI,wN2
3990Tqwp,ZoR
3991GpsG,ttZ
3991pTPE,ImX
3993GdJu,dDU
3993zSMg,rDw
3995DEJw,vID
3997IvTe,T1w
3997jbsv,eAR
3998gbNN,CMB
4000ajGz,ttZ
4000zktS,NPX
4002Kkma,eAR
4003PfDj,ZX2
4004etmP,zQJ
4004tMgA,O8S
4005UtfM,Q3W
4008dIwD,6XF
4008iTCn,eCK
4009NWru,1HI
4014mZea,ufu
4015ZQNp,CMB
4016CRJa,aBS
4019xTyf,S8Y
4020JuUe,VAW
4021grFA,Dlr
4021qHmh,995
4024bheS,5DO
4025djoE,ZX2
4025tQVl,XVc
4026ZbBX,SJs
4028mzBn,IVr
4030lOWv,S8Y
4031RldW,1HI
4036DvXx,YdU
4036pyLq,dMV
4036vLzJ,edH
4041ZrCp,iTN
4046cHNZ,H7F
4047FFjY,ImX
4048OCdv,fly
4050QjLC,WP8
4059yBAh,Yi3
4060SWKH,jFZ
4062nuqZ,eAR
4066JwEB,r6H
4066WoZf,vh3
4068PqcW,Otv
4069DnRL,h9O
4069McXL,iTN
4069UeEA,ZRe
4072fsfh,eAR
4078hBaz,H2G
4081fJvt,rlZ
4081igql,vh3
4083AqqC,LM0
4083ShxV,Irl
4086TGud,MUk
4086mUlb,3vf
4086rnGj,pIy
4087SCLk,XVc
4089JhjP,mti
4089lhXW,aBS
4089xexA,5i0
4089yyCH,orj
4090nijk,FJt
4090qNOJ,ZX2
4093sNtH,3vf
4094aFeG,H7F
4094wHXc,Ucw
4095wXMe,nl1
4096Zjvv,T1w
4097LqiA,NPX
4097SuBA,aBS
4097fEct,VAW
4098oZmc,Fhc
4102OttJ,ZX2
4104Zpdf,kyQ
4105hbXA,dDU
4107IvJK,sTA
4109OeAe,YdU
4109nhJk,ufu
4110pllD,aV5
4111wbam,eAR
4111xBnZ,sTA
4113EkSK,nX0
4115MzKg,iTN
4116hLgq,LTZ
4117CGas,YdU
4117Legy,NPX
4119KiYH,MLv
4120EdMx,QV1
4125PsFn,vh3
4125qOwU,1kJ
4127ncnh,T24
4128UcWZ,XVc
4130ARfO,aft
4130nhgI,N9Z
4135WTjD,uLy
4135Zepx,VsS
4135xhxE,YdU
4138hNuz,wN2
4142xrfm,T1w
4143PuMh,1kJ
4143bsPc,X17
4144aeJK,sTA
4149ARrQ,IVr
4151MGgs,nl1
4156eEpy,iTN
4156kzsz,Fhc
4160pszb,NPX
4162EQBD,RP4
4164AoMe,wN2
4165puaa,bx0
4168sUjd,3vf
4169fnex,ImX
4170HKbP,sTA
4170YdSy,N9Z
4172CnSg,FJt
4172iOYP,lFN
4172wSur,YdU
4173NoLT,FcL
4174gcAM,0d1
4174nKzr,r6H
4175KlJu,1kJ
4175QLCD,iJK
4175ovao,y9c
4176mjVt,MUk
4177hrNi,H2G
4178KGbE,pIy
4178lFoi,aCg
4180Hdok,MLv
4187PhvH,vh3
4187XYis,ufu
4188licW,O8S
4191bwvs,nl1
4193hbzy,y9c
4194bDNz,6kh
4198NCyr,JZP
4200VOEA,pIy
4202WxBb,ufu
4203OcPV,wN2
4205rgFH,h5X
4206TKoR,ZoR
4206tJPH,NPX
4208bLUE,Ig9
4210ivTi,O8S
4210yPgP,aCg
4211HFOI,X17
4212FSew,JZP
4212hJYs,5DO
4213PooD,ZoR
4216OoWM,Fhc
4219AMIp,vID
4219ntgF,NPX
4219vuuK,N9Z
4223gmfX,Dlr
4225gECm,995
4225mWpr,OVq
4230eJKA,MUk
4230vGZh,ImX
4231MOTN,71P
4233dNHX,ufu
4233zhYa,IVr
4234WeZe,Ucw
4234oqjk,ZX2
4235nUOb,T24
4236XzPY,Lxg
4236sTZM,KXa
4237USgL,VAW
4237xRYZ,KXa
4240ONCs,JZP
4241YhxN,mti
4243gNvz,Dlr
4245DJhX,Ucw
4245buDu,Yi3
4245byUk,uLy
4247lrAD,jxJ
4248DaFN,pIy
4248wHJG,S8Y
4250qiQF,ahb
4250rRct,N9Z
4257DQfm,h5X
4257snka,5i0
4258OXwG,bx0
4262ggeZ,995
4264fGPQ,H7F
4264zkwY,ImX
4265UQSL,lFN
4265btEE,995
4266Xxhq,Yi3
4269NZOY,71P
4270Wqhp,ImX
4273XrYs,wN2
4273oaWI,6kh
4275VOdT,KXa
4281ratF,1HI
4284sKic,50P
4285qMnf,bx0
4286kVwU,Q3W
4288YOrY,ahb
4289bPWW,jFZ
4291qQNC,ufu
4293CbvI,H2G
4294rYLb,1kJ
4295PNgw,T1w
4296dgrs,OVq
4299ZQqZ,Lxg
4304aOCu,Fhc
4307McAX,KXa
4309vqDs,nl1
4310LTOr,6XF
4310qQWq,eAR
4312qyYP,aV5
4315WnRy,jFZ
4316BLkm,SJs
4316lGhE,ImX
4318OCOm,bx0
4320SkEE,rlZ
4321GJOD,h9O
4321Lfmr,eAR
4322PqVY,uLy
4323KfpS,1HI
4324nLon,rDw
4327IyYP,LTZ
4329Kcxy,iTN
4332seaZ,Lxg
4332tkec,gDW
4336JeQW,uLy
4336TpVL,T1w
4336xUZQ,lFN
4339Uskj,nX0
4340FLWR,dMV
4340aZmF,eAR
4341oMuv,wN2
4342uPLG,Irl
4342zFmJ,1kJ
4345CeFf,y9c
4347NnZH,jxJ
4349rSrL,rDw
4351EDMC,aCg
4353GnIw,NPX
4354GWON,KXa
4354JGCT,JZP
4354pYyq,XVc
4356jqSR,VsS
4363BZXm,3vf
4365BnEm,ZRe
4367SoAz,ttZ
4367tHeS,JZP
4375Romt,rlZ
4381BpZu,aBS
4382JLca,nl1
4383koEH,6kh
4383sXVZ,CMB
4385MMzp,pIy
4387SAPV,jFZ
4395BUFc,jFZ
4395ejuS,LTZ
4396aGvs,S8Y
4399yxkM,ahb
4404GmwZ,T24
4409dLVM,JZP
4410wRDK,VAW
4412DvyK,pIy
4414hAGM,ttZ
4418Uniu,edH
4421ovbV,vh3
4423TGQo,edH
4423pgab,Fhc
4424SPhK,zki
4427TagK,fly
4427bJIu,nX0
4427cSYe,eCK
4429LEyH,SFT
4429OeOX,Otv
4432vfZq,Yi3
4434NCTh,ZX2
4434OxYU,MLv
4435OYFM,lFN
4435Qvmb,1kJ
4437IafY,SFT
4440LBwz,aft
4440jGJu,OYd
4441Xwfc,Otv
4442zQWF,h9O
4444aGHX,xvG
4445Oepq,J2l
4447ebGs,VsS
4448beNh,h9O
4449jjCy,r6H
4450NEUm,CMB
4455MjKd,Lxg
4455roPM,eAR
4460ONJG,dMV
4462pyqL,H7F
4466JzeO,aCg
4467aRPD,6XF
4467pJww,Yi3
4468Mfvc,r6H
4468qbYM,JZP
4469RdgB,GR9
4470cDoL,VsS
4471PKgK,Q3W
4471QBmf,WP8
4472QdCG,bx0
4474fAmB,3vf
4475xJjf,SFT
4476ruWe,dDU
4478sAvA,xvG
4479iBpf,VAW
4480NBIz,ZoR
4485DWMA,995
4488BUsp,aYG
4489nVwX,WP8
4490uJfR,71P
4492Snze,h9O
4493EgJT,jqo
4493vmOd,sTA
4496GmrZ,vID
4497wgaW,jxJ
4498GVIx,JZP
4499YmWe,YdU
4499kpPV,T24
4501gQVU,ZRe
4505umSs,ZX2
4506vZdL,lFN
4507ZzIq,Dlr
4510PHok,5i0
4510Tddt,ttZ
4515AtNl,eCK
4516JwKe,rlZ
4516oGPQ,jFZ
4517JCpd,nl1
4520DtOZ,y9c
4523HBai,mti
4524EIEB,H7F
4526rjRR,ZX2
4527fAzs,3vf
4528cPJf,ZoR
4531awzm,1kJ
4532RuMQ,Q3W
4532kmny,rDw
4542GZEm,y9c
4543LSuv,VsS
4544hIMq,eAR
4545rywR,sTA
4546tMLL,orj
4548dWnT,h5X
4551QOCF,Z0Z
4555RjQD,xvG
4557KetN,rDw
4559OoyP,aV5
4559RBTE,FcL
4561SIJb,995
4561XDzY,gDW
4563mxCx,ZX2
4565Dxme,KXa
4566UOtd,nl1
4569EwGc,ZRe
4570wsAl,X17
4571nstq,J2l
4571uatG,FJt
4572sYGy,Z0Z
4572ygKR,vh3
4576LveR,LTZ
4579GuNB,nl1
4579ITIf,J2l
4579Yefc,XVc
4586hYli,uLy
4588AJRR,S8Y
4588tTzh,XVc
4589UQul,zki
4590NCur,NPX
4590XBqc,CMB
4590nOXx,CMB
4596CAqO,dDU
4596uGpu,eCK
4597zYNk,FJt
4601Qylx,edH
4602arVl,1kJ
4604zsoh,wN2
4608CVxq,jFZ
4608IvMG,Ucw
4608VZVR,Lxg
4610nmcY,0d1
4611YFFD,h5X
4612FrAN,OYd
4614Xomm,Fhc
4615ZcGF,aCg
4615xDSb,VAW
4616bsor,LTZ
4617CmmY,ahb
4617RfkU,T24
4619QMOx,CMB
4620etFJ,eAR
4621edDl,Lxg
4622KpAU,h9O
4625FgCA,nX0
4625kpcx,h9O
4628qtYt,eCK
4629xnps,zki
4630aElO,rlZ
4632EnoP,H2G
4640hGtU,ZoR
4641oUOA,3vf
4643KMDd,Dlr
4643uqEB,VAW
4644ATUB,SJs
4646RfHg,S8Y
4648PIeb,LM0
4653ANzB,edH
4653Abwi,ufu
4654UhRI,mti
4654fXUM,3vf
4661gcQg,JZP
4663eaWz,mti
4664XBlg,OVq
4665WWkq,Ig9
4666gUQC,3vf
4667nfyp,h9O
4670qWCW,aV5
4672Xuua,zQJ
4675zKbt,5DO
4676eemr,T24
4677zwJo,nX0
4681BWGl,NPX
4682sWMn,OYd
4683obtx,Lxg
4684gNdo,H7F
4685ynog,mti
4686oQHE,h9O
4688qvLp,ttZ
4692NECZ,1HI
4693lmcX,Ig9
4694FExn,NPX
4695KtwQ,lFN
4695zafk,aft
4697DFQW,iTN
4698utjm,nl1
4699CyuA,JZP
4699dXGS,VsS
4701NydZ,LM0
4706LyLu,OYd
4706Olav,O8S
4706ncRO,rDw
4707YefS,SFT
4707sLbO,dMV
4708MTxU,vID
4709fNGZ,vh3
4710pJhf,3vf
4713JENJ,H7F
4713MJfK,y9c
4718EmXo,T24
4718nZEK,GR9
4719RlxH,VsS
4720TWkX,wN2
4720ZJEw,jFZ
4721BeQe,MLv
4721GnHM,iJK
4721QiAu,JZP
4722PvDZ,wN2
4726effw,aV5
4729aLYl,SkD
4730JyqK,sTA
4731Qpjs,Fhc
4732aOxI,Irl
4735TUgR,dMV
4737QxeX,3vf
4739ThkV,1kJ
4743DRlH,QV1
4745VqmO,sTA
4747XxeO,OYd
4749uIAn,dDU
4750BfnV,RP4
4751Eluo,OVq
4757Cwqa,vID
4758lwWE,zQJ
4759SfvF,nX0
4763XGHn,dMV
4767xPSS,iTN
4769JPxO,T24
4770HjMO,ZoR
4770OhxB,uLy
4770jgnP,Otv
4771KHKo,71P
4771MohT,Ig9
4771NKrF,3vf
4772ybat,5i0
4774RuPL,LM0
4775JICw,WP8
4778fbbP,mti
4779OKIH,71P
4788ShXj,1kJ
4789qFNf,orj
4790Khun,0d1
4791jOab,H7F
4792bzyK,H7F
4793CIfS,nX0
4795RGPb,5DO
4795vPji,6XF
4798cAzL,edH
4799jGoG,iJK
4801JoUg,aYG
4801cBdw,dMV
4802YTTG,uLy
4802iKcC,Yi3
4805GsKd,r6H
4805ILER,S8Y
4806VjmD,MUk
4809NwoI,edH
4810scTN,nl1
4811EpcH,GR9
4811MJQN,h9O
4811xmdi,OYd
4813EBJd,edH
4813Obtx,NPX
4814OcOm,Ig9
4815FzAS,fly
4815KXxA,lFN
4815SGgk,fly
4815rLUK,Yi3
4816FWnf,H2G
4816fxlo,uLy
4818qVQL,Otv
4822gDFm,y9c
4823PhHK,ttZ
4825DnJR,jqo
4826HfBy,gDW
4827lcOc,aft
4828dvNY,aBS
4828mgZq,KXa
4831yxZi,T24
4834MPTA,IVr
4835xCll,T24
4836mADn,T24
4836xtoP,NPX
4840MXkC,r6H
4841RwUb,JZP
4842PVlz,SFT
4843NneJ,wN2
4843taGk,H7F
4845CEEo,5i0
4845rzfM,SkD
4846OtEk,50P
4848jSGZ,mti
4848uTvN,zki
4850nuzd,VsS
4852JlAQ,Irl
4852MFjr,SkD
4852cFre,XVc
4852zedo,SkD
4858IBcY,nX0
4862SLZT,h5X
4864XGap,5i0
4864pIra,jFZ
4865Pvqu,MLv
4867uRxS,nl1
4868sDyu,eCK
4870ArTC,OVq
4871cKDa,bx0
4872Eglv,995
4873KOYH,zki
4878YVCE,nl1
4878vbWl,edH
4880GTkG,rDw
4881tkzn,aV5
4882MzIm,eCK
4883lwDv,H7F
4884GLXP,iTN
4885aZWT,XVc
4886GLEZ,CMB
4886OaYI,uLy
4886mgLS,edH
4887HaCC,h5X
4887rZtL,Yi3
4887tHPs,CMB
4888LVfM,O8S
4888bskJ,1kJ
4890ANUi,vh3
4892PssW,Fhc
4892xwoc,LTZ
4894BYxY,OYd
4898CDgq,Dlr
4901mOjf,Ucw
4904BcMl,fly
4904HRbl,3vf
4906BUoy,N9Z
4908eUJQ,T1w
4909Kesa,FcL
4911BfyJ,YdU
4912ReNU,h5X
4914caiP,h9O
4916AMSo,T1w
4916Qhnn,X17
4916ziQT,CMB
4917FZJn,ahb
4925CgNP,aCg
4928Bpac,dMV
4928mmoB,nl1
4930qaCH,SFT
4932pjYE,y9c
4934EKCl,RP4
4936EVZr,S8Y
4936vgDf,KXa
4938TkIw,h9O
4942DiDN,kyQ
4942QYvA,H7F
4942cmLR,995
4942jSaw,zQJ
4944zIty,uLy
4946hcnS,ZRe
4948DtzT,h5X
4949abRs,edH
4951DxQC,jxJ
4951JZQm,rDw
4952EBzb,SFT
4953nmnU,nX0
4955ZjsO,NPX
4956HFFg,LM0
4956WAED,jqo
4957bvTX,dDU
4968GAtE,Lxg
4969AUsX,Dlr
4969UgNK,vh3
4969dTRS,ZX2
4970UxAm,Ucw
4971CbFq,VAW
4975kYTI,ZX2
4976Iwas,RP4
4976UtSy,orj
4976cXPX,aCg
4978AtSA,aft
4978gxIQ,bx0
4979ehOY,IVr
4983LBAB,ufu
4985EISH,Ucw
4986PKig,T24
4989DeWC,OYd
4991yvRN,FJt
4992tMNE,IVr
4994kRJD,eAR
4995AyLq,3vf
4995RtIG,3vf
4998nCVl,MLv
4998yRTh,Dlr
4999xMPj,N9Z
5000MGPj,h9O
5002fLcH,JZP
5002jJZF,r6H
5009Gzga,Ig9
5009izSZ,1kJ
5010mjFI,5i0
5010sXkq,orj
5011RZTX,aV5
5011erYN,ZRe
5012nrKh,y9c
5013tsUW,aV5
5018wRFK,aV5
5022uPgT,zki
5023vjQt,3vf
5024XLnk,OVq
5025rxcI,fly
5025tJbG,dDU
5026csMH,Dlr
5028SNzV,dDU
5029rlxo,GR9
5040Cbhi,QV1
5040NKAZ,wN2
5040XKDr,vh3
5041OOeg,Q3W
5041gYAg,1HI
5043JbAY,ImX
5044rMso,dDU
5047mXoa,YdU
5050Fonc,ImX
5051CyaR,Otv
5053LmWf,h5X
5055aqMl,SFT
5057XZlq,VsS
5059Cisw,VAW
5059WkRi,5i0
5060nRYV,SJs
5063hpkp,JZP
5064rbyM,NPX
5064weST,CMB
5066glVf,aBS
5071Kbra,iJK
5071tMBc,iTN
5072VJpZ,ZX2
5072nZLg,FJt
5073RhlB,iTN
5078bcXF,XVc
5079Ifrv,aft
5082YHSp,KXa
5084iyyz,T24
5085SLiN,H7F
5085wpPQ,50P
5088hOvN,NPX
5088rcNI,MUk
5089FlEA,1HI
5092ooEy,YdU
5093rETh,dDU
5094buzd,ZoR
5095VWUI,VsS
5100wuGT,FcL
5103TqAZ,bx0
5108kRtS,r6H
5109ArkB,T24
5110VhCT,fly
5110iiFf,ufu
5112EHHa,T1w
5113vEio,XVc
5114VInX,edH
5114wDil,Fhc
5118JgKo,vID
5119XFUA,zQJ
5120MRNO,Yi3
5120mmoO,SJs
5120rUWG,dMV
5123kqXP,aBS
5125obtl,ZX2
5126MhOV,vID
5130jExh,1HI
5133dhNP,wN2
5135QiEE,1kJ
5135rNzH,nl1
5136tNaS,T1w
5139Nxwo,SJs
5141MoPO,iJK
5141VhIY,sTA
5141qAiz,y9c
5142poFR,3vf
5145Bucd,rlZ
5146BsVs,Lxg
5146VDyh,Ucw
5151PgrX,6kh
5156ZGpR,IVr
5157eVuv,SFT
5157lLNV,71P
5160Npsv,Dlr
5167bwYD,VAW
5171FQiB,dMV
5172NmWL,H2G
5172dpnp,edH
5173wgUk,h5X
5177qozF,X17
5180laRK,eAR
5181XOmi,vID
5182Wpim,NPX
5187pGJR,h9O
5188SXUv,QV1
5191cEUX,Fhc
5191grne,r6H
5195qwBn,X17
5199xjAJ,VsS
5200YWJx,ZX2
5201vkVo,T1w
5202LqdS,QV1
5202rHdv,71P
5204FwOL,ahb
5204uhoz,RP4
5205tvCx,vID
5206JjBq,GR9
5208yPou,Fhc
5211hLvY,aft
5213Rvpc,ufu
5214AWTt,1HI
5214SoJw,6XF
5215Syfp,6kh
5215lCrL,nl1
5216zuqv,6kh
5220OsCH,aft
5220ifSo,h9O
5225bCAa,ZoR
5226sjPH,LM0
5227FOsG,GR9
5227jiIF,71P
5229VQbT,h5X
5234tEaR,50P
5235mQkn,S8Y
5237Ldlq,FJt
5239WqnV,ahb
5240AjRz,ufu
5240hZOl,0d1
5241zXou,wN2
5242TDkc,dDU
5243kXTS,5DO
5244kHJE,T24
5245VxmL,Irl
5246bwGJ,3vf
5247IZFY,wN2
5247Ubmf,xvG
5247WOxT,zki
5250udIb,KXa
5252PAdH,aBS
5252xMCm,JZP
5253LURw,ufu
5256OaWD,Lxg
5263aRhj,OVq
5264SdYo,SJs
5265XHTo,3vf
5265kyxB,Ig9
5266DhwM,5i0
5266tCpY,h9O
5269aMgv,0d1
5271ukbR,ImX
5274OpcW,aCg
5276bwoD,1kJ
5281UlWt,Fhc
5283kAiA,xvG
5283ocHY,rlZ
5289nwCQ,JZP
5291BMfT,Otv
5295FUMZ,kyQ
5295QOlZ,GR9
5295RUOf,H2G
5295nFrh,GR9
5296Rqbx,X17
5297UGvS,J2l
5300tnQG,dMV
5301oZIP,X17
5302caGV,J2l
5302tGDT,Lxg
5303nDUK,0d1
5304zrXc,uLy
5305SFIk,OYd
5307vfLB,rlZ
5308vQif,GR9
5309KwWQ,iJK
5310XADn,SFT
5315TDxY,zki
5318iVEj,dDU
5319BIKr,1kJ
5322XfGn,zki
5323fikK,LTZ
5324nVqM,FcL
5326vgzI,h5X
5327JsGw,6XF
5328NmwO,FcL
5328tDHx,LM0
5329ugmd,OYd
5333GIwV,FcL
5336FpTp,MUk
5336WWXw,eAR
5338CEpb,aYG
5338EbCb,0d1
5341AMzJ,ZRe
5341nRfj,wN2
5344rjfd,X17
5345cHEm,lFN
5348oBOA,1kJ
5348xKxI,eAR
5351YlPF,mti
5352PPiC,T1w
5352RxMf,QV1
5352doqk,Q3W
5355PdIY,ZX2
5355rdre,0d1
5356UKsl,jxJ
5358vlED,y9c
5359NKfi,WP8
5359XNDy,1kJ
5359sqMR,Dlr
5360FDkZ,XVc
5363PdXc,iTN
5363lQHc,OYd
5365ASrK,fly
5368uTEA,nl1
5369Ihur,aYG
5369UYeB,RP4
5369dBkW,orj
5371ecJT,6XF
5372FXED,ahb
5374StfA,OVq
5378Bkmg,LTZ
5379BDbp,bx0
5379aImL,Q3W
5383dtxZ,T24
5385PBKz,dDU
5387mqUX,Otv
5388TfKc,IVr
5388fVsx,zki
5388xYXQ,gDW
5390SJhw,orj
5394JNUz,aYG
5394bZTI,SJs
5397sGpI,uLy
5398CIIh,eAR
5402EQrG,FcL
5404kGVr,jFZ
5406Ewhk,N9Z
5412AWxA,wN2
5413WHZH,T1w
5415muzY,mti
5416ODcE,O8S
5418wfRR,S8Y
5419Gobp,1HI
5419Ledy,Dlr
5420jBBC,6XF
5425qjDN,h9O
5427Pytw,dDU
5429gNfy,Otv
5430QWKc,Otv
5431GHcD,xvG
5432dRpD,iTN
5434EJqf,eCK
5434kIdL,y9c
5435WkiC,Z0Z
5436RhQs,wN2
5439mTVs,995
5441SElf,O8S
5442oUdr,QV1
5449zHhm,6kh
5451Omsz,50P
5452VURw,LTZ
5453QYBw,pIy
5454BPcg,6kh
5460IIyt,iTN
5465lCwH,KXa
5467PQli,RP4
5472CQYJ,xvG
5472EojF,jxJ
5472JPlj,1HI
5474RbsG,995
5474dTeL,CMB
5479ScJf,mti
5479imUP,CMB
5487NiBq,aCg
5487QFim,ZX2
5488lKro,Lxg
5490NrfE,H2G
5496ZxaI,iJK
5497Cdkv,iTN
5501azGm,RP4
5502DvRw,FJt
5505HbDQ,50P
5505IiaD,vh3
5509XoSY,1HI
5509uHBs,edH
5511LGSW,lFN
5512KkKr,jxJ
5512bExS,1kJ
5513lrPX,aV5
5514hkpW,dMV
5515GAPS,VAW
5516DjPE,1kJ
5517NLll,YdU
5521Tqgm,995
5522lNlQ,sTA
5526CwvZ,edH
5526vEFq,lFN
5527gAWu,ZRe
5528IUaU,VAW
5529nJBA,XVc
5532xjal,J2l
5534ljjQ,IVr
5536CkkE,ImX
5536JDaQ,jqo
5537Sosy,nl1
5540vhrL,VAW
5540zyku,bx0
5545pdhw,YdU
5548BcUG,r6H
5548Bxnd,T24
5548CPPY,VsS
5548EmLl,orj
5549iWDH,FcL
5551ibnB,h9O
5554BzdD,orj
5557NYcB,r6H
5557TtKj,XVc
5558HRQv,rlZ
5561VDcx,Otv
5561voRL,ttZ
5564RMXV,MUk
5565LWjr,nX0
5565MtEi,edH
5565lECU,LM0
5567cOtU,FcL
5570EDJy,lFN
5570KrDO,CMB
5573Qaoz,jqo
5574Djsj,iTN
5577MJJP,VAW
5577QRLc,ZoR
5580zZsy,Yi3
5581aJtG,NPX
5581jejB,VsS
5583ZiJY,H2G
5583sIRe,mti
5587xOnL,kyQ
5589mJPI,rlZ
5593Asog,VAW
5596bBVU,dDU
5597OQJK,eCK
5597TKbT,ahb
5597WQdM,eCK
5597zYKU,MUk
5599YcXW,QV1
5601USAD,ImX
5601hCLV,aCg
5601jhDk,xvG
5603iDJb,r6H
5604XGAP,6XF
5608BCmc,iJK
5611SQoq,fly
5611kvPj,aYG
5614TeOY,jqo
5617FFUi,S8Y
5617XRdn,H2G
5619HnNQ,ufu
5619lIQT,h5X
5620WSCB,5i0
5620jCpu,NPX
5621PPhC,aft
5622oBMq,wN2
5623FkwU,Irl
5623LRja,O8S
5624DYdf,dMV
5631Aaxz,5i0
5631hcay,3vf
5633AoIy,vID
5633HiSV,X17
5633PfXH,orj
5634ZueP,eAR
5635ooVQ,ZX2
5637sgxv,Fhc
5639osKn,jFZ
5640mpqi,y9c
5640ydam,MUk
5641MzsI,eAR
5641toEs,Lxg
5644AVRA,Ig9
5647aDzl,aYG
5647vqHp,KXa
5647vuYH,KXa
5648dqeA,ahb
5655ImOt,ImX
5657Nifb,Lxg
5660yMOp,iJK
5662cbVg,uLy
5664StTG,eCK
5664aPRT,ImX
5664dxDL,50P
5666xwhl,aV5
5668bsnt,6kh
5669fAGc,rDw
5670dAaQ,uLy
5673DEcx,N9Z
5673xIUY,fly
5674DJNE,X17
5675lJXI,O8S
5677BoMJ,edH
5678AGpL,YdU
5681CJiX,Irl
5682TLnm,KXa
5682zigf,wN2
5686NGFx,r6H
5688UWxd,jxJ
5696Mhsj,y9c
5698bPpI,aV5
5700BdiS,VsS
5703lfzG,jFZ
5703ufGs,mti
5706MHxg,SFT
5706MsxO,ZoR
5709FEkm,xvG
5711jDMm,aBS
5711ktKR,iJK
5713VbJz,VsS
5713ilRt,iJK
5715GPdf,ZoR
5716cuMH,1HI
5716thmY,iJK
5717gZsQ,VAW
5720URKX,RP4
5721TQzr,SFT
5723Ljio,CMB
5724QBjK,wN2
5724sczS,995
5725MAJW,mti
5727wCka,dMV
5733VdYQ,Ucw
5733wNYT,5DO
5734SBrM,edH
5736YrkR,MLv
5738RQuq,xvG
5738nwoB,H7F
5738yzVt,uLy
5740Ttzi,FcL
5743btyg,ZoR
5745nElF,sTA
5746bEob,71P
5750afPF,Q3W
5750xncx,995
5752jZkT,ufu
5753CQMx,iJK
5753jrUY,kyQ
5754lrMn,71P
5760EFSX,xvG
5760kjQB,edH
5760wQVt,vh3
5763OHxc,LTZ
5764YluY,X17
5767ejrz,SkD
5767kFqu,H7F
5767xzqq,aYG
5768Epic,vh3
5769BbPI,ZoR
5771XBuE,FJt
5771kUgM,N9Z
5774FOfd,kyQ
5774uzgF,eAR
5775Mxhz,KXa
5775qPil,Ucw
5776OQJs,Z0Z
5779YTnt,nl1
5781IOXA,zki
5781PPjR,iJK
5781wFut,r6H
5783KNqz,aV5
5783pESZ,50P
5784PjWw,aft
5785sPqW,h5X
5787LYUF,1kJ
5788vqtu,sTA
5789JzdH,sTA
5789kSFT,Fhc
5792PhQJ,jqo
5795yyea,0d1
5797EiJL,WP8
5798rZTW,bx0
5799Xtep,orj
5799iGsV,FcL
5799jaLf,iTN
5800nKEy,h5X
5806NunM,5i0
5806erHI,WP8
5807PCBL,WP8
5810Ytan,ahb
5814jADc,SFT
5815rdqF,vh3
5816jUAe,XVc
5818Dzzn,KXa
5818QWtN,CMB
5819oGat,1kJ
5821Kldg,vh3
5822uMGN,Lxg
5823pfky,vID
5823yMhV,IVr
5829IfJH,pIy
5830JINP,CMB
5831idWh,vID
5832qQzA,lFN
5837vJMR,S8Y
5839gMDd,gDW
5839qbDQ,Yi3
5840aoEW,995
5842jPsS,MUk
5846HGTJ,lFN
5846frXY,eAR
5849OjVV,KXa
5849ZxNB,jqo
5851FuvB,Yi3
5851syOf,dDU
5853wDMj,S8Y
5855vYqO,LM0
5859igjF,JZP
5862XVZa,wN2
5862wVYw,Otv
5863sWci,XVc
5865PvJP,SJs
5865bcTJ,ufu
5865nRIW,Yi3
5865pKXJ,XVc
5866wQbC,5i0
5867cxtd,kyQ
5868YbST,JZP
5869slCn,5DO
5870Oysj,NPX
5871FkMl,O8S
5874eAvh,N9Z
5875aSVv,MLv
5875yeyT,NPX
5876edKG,Ig9
5877JAjt,IVr
5881bJqT,sTA
5882RsiL,h9O
5883RsdB,Q3W
5886YuDT,fly
5887UgLH,iJK
5888QIEe,H2G
5888qhkX,WP8
5889WhHU,xvG
5891APHc,h9O
5893ZXXp,FcL
5893siRw,fly
5893xMBA,FcL
5894DZqG,SFT
5894yhNL,995
5895huAj,mti
5898NFWT,aCg
5904wGvc,NPX
5906ZRCR,N9Z
5907ACaG,H2G
5907Ncyl,O8S
5908FLFT,YdU
5908LQKs,Fhc
5909fhfz,X17
5910veFA,vh3
5912DCav,LTZ
5913ESEQ,Lxg
5913kIwO,3vf
5913mOVs,T1w
5914VadI,nX0
5914vonH,rlZ
5915JCYz,ttZ
5915cBol,lFN
5915ehqG,mti
5917Eusb,aYG
5917SYkM,aV5
5918YSeG,ZRe
5919vjYE,J2l
5925jmsC,Z0Z
5929aGUx,kyQ
5932cTUq,iTN
5932rvLD,1kJ
5933croa,Dlr
5934WSvF,ImX
5936qAJM,iTN
5937Zawc,h5X
5938DHOC,Otv
5938cfve,h9O
5940ZFfg,uLy
5941wOHS,zki
5943IsUE,FJt
5943MFOB,LTZ
5947IoNM,S8Y
5948rBvt,ZoR
5956mVan,FJt
5957tXvI,50P
5958pIxm,vID
5959LIRV,RP4
5963LdxT,iTN
5964fBRw,aV5
5964lcIu,T24
5964pVYI,OVq
5965UMdC,nX0
5966fVcV,y9c
5966sXTG,mti
5967NaOy,LTZ
5968IBwT,vID
5969RoES,SkD
5969jjdk,zki
5973QXeT,LM0
5975gitc,OYd
5979UYxc,zki
5980OscA,MUk
5981MukF,aft
5985Ayep,h5X
5987aDim,KXa
5990INIZ,J2l
5991tnGW,MLv
5994Mfgt,ZRe
5997IDsF,Yi3
5997mkbj,XVc
5999aGOJ,ufu
6001Kxmy,fly
6001sasv,wN2
6004kzYo,ahb
6005PfvM,aYG
6005swyD,T24
6006vHsP,ZoR
6006vNKV,edH
6007zYmA,5i0
6008QVso,zki
6008XfQI,jxJ
6008rMxY,Ig9
6013vvOC,ZoR
6014cDKE,lFN
6015SJSN,aYG
6015iloX,QV1
6015pUSY,SJs
6018qUMb,71P
6020Mpay,jqo
6021bmhU,wN2
6023yVAZ,ufu
6028GXXA,NPX
6029mYnr,JZP
6030FXSP,KXa
6030TgHz,H7F
6031JDIt,iTN
6031skrW,IVr
6032kIdt,jxJ
6033Myor,MUk
6034VpZW,QV1
6035RCjZ,edH
6036nyqh,sTA
6038hhIH,vID
6040yLTf,6XF
6042aDHX,SJs
6046Hkev,J2l
6047uvNn,vID
6047ydak,3vf
6048rJLN,jxJ
6049Ltkx,JZP
6049gQen,jqo
6049urDh,FcL
6052Wquf,ahb
6054UqNO,iJK
6055JbYu,zki
6055QMEH,ZoR
6056nlro,zQJ
6057JamQ,kyQ
6058GvJK,vID
6059RokZ,IVr
6059ZxGQ,zki
6059gggs,995
6059qHOW,FcL
6062sByK,KXa
6063rhnS,Irl
6064WRwB,KXa
6067AJnO,MLv
6070SRLl,J2l
6073KBbP,y9c
6074kOOm,h5X
6075kSWT,1HI
6076LigA,OVq
6076VFhv,ZRe
6078lkPE,N9Z
6078umjI,iJK
6080POul,Irl
6082HpTP,iTN
6082cktv,MLv
6084QiKj,lFN
6084WEGj,aft
6085GAOC,LM0
6088lhle,J2l
6090hUQA,xvG
6091WHIO,vh3
6092UnPn,3vf
6093Zmso,aBS
6095Duzu,eAR
6095mTyt,CMB
6095qLij,71P
6098zCBJ,O8S
6101NRld,FcL
6102fnLo,RP4
6103GuDk,J2l
6103VJck,5DO
6104xovA,X17
6106ezWC,LM0
6106mJOG,995
6108URPr,CMB
6113aLiG,RP4
6114WQoM,Lxg
6114bJbZ,pIy
6114kpWP,6XF
6114vghU,995
6119Vfog,rDw
6122BqFN,O8S
6122UPBX,6kh
6123cgGG,h5X
6127PVeV,0d1
6129rtdy,YdU
6133sjEs,Ucw
6133yCTe,J2l
6138GQLY,995
6138bdhm,rDw
6139FKsj,JZP
6139UPqe,SFT
6140wOPy,T24
6140xEwx,QV1
6142PEpW,aft
6142XdwH,CMB
6143LXzM,lFN
6144fRUv,zki
6145gMfp,wN2
6146nFUN,pIy
6147EpUe,wN2
6147chil,X17
6150vHIV,dDU
6152mJpc,vID
6154OxbV,MUk
6158JwMl,RP4
6158vEYE,jFZ
6161DpFL,kyQ
6165LLLJ,GR9
6165rMfN,ahb
6167Mllu,QV1
6169Ukrp,5DO
6169ikuf,0d1
6170eNBv,H7F
6172vJzS,zki
6174EivV,ufu
6174MoYH,sTA
6174VxZU,LM0
6175KYzR,50P
6175fIIX,orj
6176XCKM,FcL
6180OBFe,nX0
6181GyWf,aV5
6181aOsx,ttZ
6182Kybx,1HI
6184ksoy,ufu
6185Osrj,eAR
6186GQlw,Yi3
6187PvUM,1HI
6187UZDN,jqo
6188jqUv,T1w
6190GzVr,CMB
6191loGF,h9O
6191qsve,xvG
6191sGHC,vID
6194KHjT,Otv
6194zTEq,H2G
6199nFbQ,GR9
6200QvDO,IVr
6200eyKC,1HI
6201SMyd,Ucw
6201fkcs,kyQ
6201oqwL,S8Y
6202aeDR,ImX
6203KzRn,ttZ
6203vkop,3vf
6204fPJI,Lxg
6211aALK,ImX
6211ayCg,jqo
6212lvzh,dDU
6213Mbrp,lFN
6214UDAG,5DO
6214yFFd,995
6216EiQR,dDU
6216ycDw,995
6221sfxR,ufu
6223FWyV,aBS
6226Gpqb,nl1
6226pHvB,iJK
6235RTpT,kyQ
6235ZIJr,IVr
6237syIB,jxJ
6239jpZE,aV5
6244oxGI,LTZ
6245thXu,jFZ
6246GXqS,h5X
6250aqhc,h5X
6251hRFr,y9c
6252TurT,XVc
6255Legg,edH
6258izvw,6kh
6259NJxG,T1w
6259ftie,aCg
6265SzgW,JZP
6267tYIk,sTA
6270YcwS,T24
6271zJzh,SFT
6272TQZs,QV1
6274WqMP,1kJ
6274YfRR,aV5
6277fFhc,OYd
6278PQXc,fly
6281LNrt,orj
6281yqit,ZRe
6282tKlh,nl1
6283EFCe,QV1
6283Kdtu,QV1
6283iywl,h9O
6283jpWq,LTZ
6284FgtY,ImX
6291zoxy,IVr
6294CxVb,aYG
6295XRad,VAW
6296iflJ,QV1
6300nwUm,h9O
6301xvSK,MLv
6302Julf,SJs
6304vNSe,Ucw
6305hFve,Fhc
6306KOTx,T1w
6308wlLv,iJK
6309HXYj,H2G
6309uNbD,dMV
6311JwWc,orj
6313lLRY,Ucw
6315BxWQ,T24
6318jFXt,T1w
6319uisK,kyQ
6324NufY,Q3W
6329Rfyh,X17
6329TmQW,iTN
6329wkwf,r6H
6331GfsR,WP8
6331KlKe,5i0
6334Rkpr,rlZ
6335whhO,Dlr
6336liII,Lxg
6338JcNe,5DO
6338nnjE,SFT
6345azPW,VAW
6347KcOk,IVr
6347vOYu,Dlr
6353sKYY,dDU
6354FFCZ,QV1
6362lRlW,iTN
6362xnZe,lFN
6363LueY,VAW
6364byRB,Fhc
6364cNKN,MLv
6365ZCJm,dDU
6365tQUO,XVc
6367GETQ,6XF
6368CXHv,GR9
6370eRRi,jFZ
6370yphq,dMV
6371QQqL,ZX2
6371zcGF,1kJ
6373VeFK,ZRe
6373kNRU,T24
6374BgUx,CMB
6374nsMS,ZX2
6376xqNI,zki
6377AmED,ZRe
6378puHN,nl1
6379xqsA,OYd
6380KLjj,5i0
6382FGZM,Dlr
6384BLvv,LTZ
6390cyex,OYd
6391BxTP,zQJ
6391obSO,xvG
6394qVvb,CMB
6396ifDB,vh3
6396lZQS,zki
6398zRot,VAW
6399Pqsa,VsS
6399WLEz,ImX
6399qYUK,vID
6405GXzY,MLv
6409FaAg,SkD
6410XyOf,edH
6412idyh,ZoR
6415UHqp,vID
6417Qdkj,Yi3
6417miwb,Ucw
6418xDcN,1HI
6419HjDf,T24
6419Hvnl,zki
6421OaBR,ZoR
6421cxPY,eAR
6422hung,aBS
6423Biua,mti
6423KeMZ,LTZ
6425EhqE,nX0
6425nVCE,IVr
6426GzNH,vh3
6426foBy,sTA
6428CnQf,XVc
6428SGQV,S8Y
6428sEJx,GR9
6429caoq,xvG
6431CKlI,XVc
6431NjCN,Fhc
6432IKVW,wN2
6433HDwY,dMV
6433IXZC,ttZ
6433JiWM,J2l
6434VHFz,YdU
6436RxOB,fly
6437vLyy,MUk
6438GZpC,iJK
6441Yplh,y9c
6442cJac,ZX2
6445kADD,OYd
6446WBGk,vID
6447DfXU,50P
6447jaGj,ufu
6448vMJi,T1w
6449xTbO,edH
6452BVBw,S8Y
6453dGYw,S8Y
6454ZpIi,eCK
6455aRJs,FcL
6458AeAb,iTN
6459uwMb,Lxg
6460NdCh,edH
6462kNly,lFN
6464GBOY,r6H
6467qXyq,N9Z
6468DtKd,nl1
6468dmid,aBS
6469AYFW,SJs
6471TOLK,dDU
6471sHDJ,orj
6472ZZvo,h5X
6475NmXb,5DO
6476LKZl,Ucw
6477Owxf,sTA
6478MODx,jxJ
6478RSXQ,Otv
6480CDOE,3vf
6481LLzh,T1w
6481Xljr,1HI
6482LRMq,Q3W
6484Fmkn,5i0
6486rgme,ImX
6488FRlw,r6H
6489ZDJT,ahb
6494aidv,aV5
6496lGJo,FcL
6498eIvk,1kJ
6498lxix,1HI
6499hISO,J2l
6500RSol,Otv
6503OehE,lFN
6504Qjoz,1HI
6504VwJL,H7F
6506LvZr,LM0
6506jTeK,5i0
6510iZCG,sTA
6511yTEo,YdU
6514SsJL,OVq
6515HJqb,71P
6515sDhw,eCK
6516Tvoh,0d1
6518jboj,J2l
6523OMYB,h9O
6525GPTk,aft
6527hYQF,Z0Z
6530oVlV,KXa
6535siOo,1HI
6541TUgh,FJt
6542ljwP,5i0
6543cjfW,ahb
6546UmWu,ufu
6547uEGW,vh3
6548TRSy,rDw
6548htIY,h9O
6549LCbh,GR9
6552rtJs,wN2
6554CDxN,eAR
6554EBWv,OVq
6554wmSp,lFN
6555WbCO,Z0Z
6555cpPP,VAW
6557mTTj,eAR
6563vxhL,MLv
6568MUGe,h5X
6568VDnl,GR9
6568qlbJ,71P
6569Fkmv,aCg
6571LgDF,3vf
6577Jfft,h5X
6580ghJB,5i0
6580nCVQ,QV1
6580xwPH,jFZ
6581OFqd,eAR
6582OrRY,MLv
6585udfU,3vf
6586RxvS,1kJ
6586oguI,OYd
6586pqbq,zki
6589KFHi,iJK
6589OQpb,Irl
6590GVRT,Dlr
6591MgsQ,MLv
6593qHFN,1kJ
6595JeWj,vh3
6597MFBJ,FJt
6597jSji,rlZ
6601inRP,OYd
6602LCEP,ZoR
6603WSpQ,aV5
6603lYHX,T24
6604yXnc,Ucw
6607BTrJ,Irl
6608GupN,Irl
6609mZkH,aYG
6610AQDr,6XF
6611OiWZ,SJs
6612kfli,jqo
6612wjIB,jxJ
6614hGSW,fly
6614iSwK,995
6616caMY,ZRe
6616fIeT,aft
6616pVzn,IVr
6619bePU,iJK
6621ALzU,iJK
6621qiWt,wN2
6623RjJt,r6H
6633cFFG,GR9
6633ggSC,wN2
6636XtMa,0d1
6637HSPZ,uLy
6641HkvO,O8S
6641hUZb,rDw
6642royy,aBS
6643DNuw,YdU
6646ImHj,SkD
6647mVIv,rDw
6648JZiT,Dlr
6649cbpC,vID
6649nIcm,3vf
6649vndy,Yi3
6650uKcG,ZoR
6651mUsz,T1w
6652JbXu,1kJ
6653yugx,mti
6654KfkN,Dlr
6656BmBA,fly
6657ZnLY,aCg
6658aIpS,Lxg
6659WxnB,SFT
6660YCcw,dMV
6662QIiD,H2G
6667SAnJ,H2G
6670acPV,ZX2
6673FVTz,Otv
6676CXsU,VsS
6676PNVw,FJt
6676VatL,J2l
6680bFci,IVr
6683MenZ,N9Z
6683QHKM,pIy
6685iTOx,O8S
6687tekH,jqo
6689MKRs,O8S
6692Igfp,SFT
6693WQuC,XVc
6693ajwp,edH
6693kOZY,ImX
6694bnOu,Dlr
6696AgCS,edH
6700ZAau,nX0
6705aApV,ahb
6705pltg,LM0
6707DcWj,vh3
6714YBFk,ufu
6714uDuM,Otv
6715kLxd,H7F
6717ARRK,5DO
6717toTt,6XF
6721JBIz,1kJ
6721XcQr,OVq
6723RarC,h5X
6723vzWP,GR9
6725RhbV,IVr
6726XYcl,nl1
6726YIlO,aBS
6727JiEc,ZRe
6732VhkB,RP4
6735XmVT,rDw
6735dleQ,VAW
6736OsOc,S8Y
6737iFnE,VsS
6739srrK,aCg
6740nsEz,Lxg
6741sCTV,dMV
6741sxZa,ImX
6742EAol,eCK
6743ZyAS,OVq
6746Pmzi,ZoR
6746iGVl,dMV
6747nuUG,vh3
6750aiVr,SkD
6750xvDp,edH
6752AJGo,eAR
6756xJeJ,aCg
6756xqUj,fly
6761kuwG,6kh
6762nxjr,Q3W
6764aDGG,WP8
6764ovwV,SkD
6765Mray,LM0
6765OzrU,LM0
6767zksp,kyQ
6771bGho,3vf
6772sBWN,jxJ
6775bZXD,Z0Z
6776xRDs,1HI
6777VTYF,VsS
6778KewE,h9O
6778Vcdx,N9Z
6781PMej,LM0
6781wZAi,VsS
6782ZWWG,KXa
6783HKyz,zki
6783MIQk,pIy
6783UWNi,uLy
6785QMVz,jqo
6786npwx,jxJ
6790Mipm,71P
6790nKof,ZX2
6791bvwX,Yi3
6792sGBf,eAR
6797CROj,VsS
6799DHDE,SkD
6799GtRM,Lxg
6800OryJ,T24
6800jwyf,mti
6804PScX,bx0
6804lxRf,ImX
6805zidh,dMV
6807dHMs,Fhc
6807lNDx,1kJ
6809QmVP,orj
6813DYpU,Lxg
6813RtjD,gDW
6815EOVH,OYd
6817hNRm,eCK
6818FHzQ,6kh
6821AaZg,J2l
6823JHrb,zQJ
6824lTTS,ufu
6825Trnh,Fhc
6825iiZT,zki
6827LOcx,orj
6827PDgl,jFZ
6828bMyD,Ig9
6829nJqc,X17
6830Umtb,zki
6832XwQk,YdU
6832aGvW,6XF
6833oVWw,3vf
6836BjVO,SFT
6837SBAp,N9Z
6837aKPQ,Fhc
6837rWTA,nX0
6838fnAU,J2l
6839VDuB,GR9
6840CiCA,dDU
6842Apwx,N9Z
6842uPzO,SFT
6843wVPp,jqo
6844pyTx,xvG
6847kAEM,OYd
6848tIOP,RP4
6850eOvg,KXa
6851ECkX,1kJ
6854UdQl,71P
6854bbyx,kyQ
6855wPxz,MUk
6856mwGB,50P
6857ShVo,Lxg
6858gEFT,ZoR
6863PBbz,nl1
6865Igfo,jqo
6867ATbB,dMV
6867NlKh,aYG
6869pXgm,kyQ
6870HFya,QV1
6871UDKk,OVq
6872PdJH,ZX2
6872eSiI,pIy
6874jVVq,orj
6876ZcgL,fly
6878BBkr,jqo
6881pCxV,SJs
6884TCdt,rlZ
6884yIek,SFT
6887DUBD,NPX
6888AQSL,JZP
6889gayx,3vf
6889nkNH,LTZ
6891MiCy,KXa
6892gHcv,eCK
6893PQHS,r6H
6894eMrE,Ig9
6896SljM,nX0
6899fywF,SJs
6900xNQJ,QV1
6901fvlH,orj
6902LFSo,SkD
6902ymHU,H2G
6903Cvgc,Ucw
6903EMUI,eCK
6903FsqJ,wN2
6907WZTK,gDW
6909dPyb,lFN
6910iFKc,ttZ
6911XplC,h5X
6911eThU,WP8
6912mzwa,50P
6913fLQA,ahb
6916PaLN,KXa
6916QHKx,nl1
6917hcEe,H7F
6920BvSi,uLy
6922oYbJ,nX0
6923ZpMb,aV5
6924rpio,S8Y
6925xXer,dDU
6926pSzB,71P
6927LQwe,rDw
6928einr,VAW
6929zNba,rDw
6930NTzC,MLv
6930RLPL,jxJ
6932gHnj,FJt
6932lptM,1HI
6939kZWH,YdU
6940hPMG,VsS
6940qOpe,nX0
6941Xqsr,IVr
6942OzKt,h9O
6944XfAq,6kh
6949tjjn,T1w
6954tEqQ,OVq
6957VBLg,ZRe
6958jqgI,nX0
6959AIYp,VsS
6960QSCm,XVc
6960eZVW,rlZ
6963Acbc,Ucw
6963HxFf,jxJ
6963mRlO,zQJ
6963yfDk,wN2
6964CykA,h5X
6966VqiR,y9c
6966dYSJ,rDw
6969orZx,0d1
6969yoHv,1HI
6974CYnY,lFN
6976yPhY,Otv
6977WXtL,LTZ
6980QcYP,zki
6980Tvvm,X17
6980lwzc,KXa
6981qYDT,Dlr
6983PmuA,rDw
6984GcXL,zQJ
6984ddTJ,rDw
6984favc,jxJ
6985DAQb,ahb
6985ZdvQ,3vf
6987KkcH,xvG
6987zdsq,50P
6988AGPw,3vf
6991BCVN,rlZ
6991dJwX,QV1
6992EkaT,ZRe
6995ojtn,Ig9
6996BEud,y9c
6999PIzd,lFN
7003ANaj,ZRe
7003EHRz,5DO
7003clFh,ufu
7003pTcn,fly
7004cfXQ,h5X
7004wbYD,ufu
7005PzbV,YdU
7005VbDs,ZoR
7006DNiT,gDW
7006KeSh,S8Y
7006gmSi,SFT
7007mrBj,nl1
7012IFaq,aV5
7012PzhZ,SFT
7015bdAx,r6H
7016lNug,ImX
7017ACxr,MUk
7020twPF,wN2
7023LYfa,YdU
7024ZRuG,dMV
7025cUAM,nl1
7026NVbj,XVc
7026RPJe,SFT
7029vvtM,CMB
7030spkl,r6H
7030tYtR,SFT
7033cxHg,Fhc
7036wQxD,FJt
7038PoxU,jxJ
7038kmQC,vID
7039TBvP,JZP
7040WKGT,X17
7043oqZl,ZRe
7044Krdn,XVc
7045Fzcl,O8S
7046MKsO,SFT
7054ZjQu,Lxg
7055ehZq,jxJ
7058WIZS,pIy
7060Kdkt,FJt
7061QdDh,LTZ
7062POVT,OVq
7062WeIL,zQJ
7064XTXC,iTN
7064pbUw,LTZ
7065ujFz,Ig9
7067jqIG,iTN
7067pOCP,SkD
7068xDny,Ucw
7069LLRk,LTZ
7074YmDe,nl1
7075HzFD,5DO
7080gHlv,WP8
7082JPXv,YdU
7085ElZj,Ig9
7089Woes,IVr
7092UfLn,nX0
7093Rjor,FJt
7096YBMZ,X17
7096jDER,H2G
7096zZRH,aV5
7097LjbS,X17
7100Lsue,XVc
7100MgHh,RP4
7101NuTs,3vf
7102HQet,MLv
7103qDlh,FJt
7105JXbP,H2G
7105ocyz,Dlr
7106rnbO,QV1
7107QDwl,Ucw
7107exhh,Otv
7108eOCF,fly
7110EPHd,H7F
7111DYlx,1kJ
7118zSOC,edH
7121dRtU,vID
7122VYTW,aft
7124TgKc,jxJ
7126SjNn,rlZ
7126rKPA,ZX2
7127zgJR,NPX
7130Glev,r6H
7130zYRr,XVc
7136Cipd,Ucw
7136bLzl,uLy
7137FqnN,JZP
7138mngt,vID
7139jCEG,wN2
7143fBqZ,uLy
7146ldRr,Ucw
7148cUXE,orj
7149VgUU,edH
7150ZWNO,aBS
7153TBhu,jqo
7155DdOQ,eAR
7157aTny,0d1
7159YDvG,OYd
7160BoVT,iTN
7160BtJJ,orj
7160LYZY,ahb
7164NjOT,gDW
7164iHfp,ufu
7164mFPG,vh3
7169VQEl,y9c
7171Amgx,71P
7172BxSm,Dlr
7173mFYw,Q3W
7174OMuQ,ttZ
7174XSgG,lFN
7179GVFo,Dlr
7179qkyH,X17
7183Awfw,MUk
7183GwWA,995
7183kaNL,edH
7186AXHh,1HI
7186DPUd,6kh
7186GzKq,jqo
7186sYHR,WP8
7188jEXB,aft
7190OnAe,nX0
7193LjEZ,gDW
7195YnzD,aV5
7200nyHv,ZRe
7200nzBJ,Fhc
7201gYCc,LTZ
7202AAVZ,LM0
7204GxZd,KXa
7204MlIH,Z0Z
7204kiTX,ImX
7205hJcy,ufu
7206wuCa,Dlr
7207grom,S8Y
7210zeyX,mti
7215tZtd,uLy
7216hXDh,VAW
7218PzDT,aft
7218UvBn,3vf
7219MxNE,1HI
7221awUx,5DO
7223bJEf,eCK
7223efEs,3vf
7224grIf,eCK
7225VRvF,VAW
7225mqMH,nX0
7226hnCL,rDw
7230tsDJ,gDW
7231UaQJ,X17
7232qppk,h9O
7235pJHv,3vf
7235qBht,aYG
7239AECp,MUk
7239IGkV,0d1
7240apVo,zki
7240utwZ,vID
7241jJQc,sTA
7241qlUc,KXa
7245LLSH,uLy
7246bgJh,ttZ
7246upRQ,ZoR
7249EIcl,XVc
7249tkPA,zQJ
7251gDDY,h9O
7251qOdc,ttZ
7252SKqH,vID
7252dSmk,eCK
7253lJsm,WP8
7255JOyd,XVc
7256XhcU,FJt
7257FLiC,Ucw
7258ChCJ,OVq
7259BvDT,aYG
7269GEEg,5DO
7271MGDi,XVc
7274VGhq,T24
7279qAwM,6XF
7282MkZp,zki
7284LRVk,0d1
7284shEX,vID
7285GpuR,mti
7286rjhm,uLy
7287naqf,bx0
7292RJDD,fly
7293AGBO,S8Y
7295Llgn,Irl
7295VUaB,aYG
7296AiLq,mti
7296FQSI,71P
7296Ihof,ZoR
7296MBPN,aBS
7296wKHm,SFT
7299LZBV,rlZ
7299oLqG,orj
7301Tfdh,1kJ
7304EGgS,ZRe
7308nVdf,5DO
7309wpXm,Fhc
7309yWUr,3vf
7311AtRL,eCK
7313khxb,H2G
7315DrIP,MLv
7319uJew,3vf
7320Dykb,dDU
7322jmOS,r6H
7323FdhN,6kh
7324wVsB,SkD
7327iltF,Ucw
7327rmOT,aBS
7330ictx,RP4
7331EqEa,xvG
7332bjaR,OVq
7334RybH,0d1
7335aQUm,dMV
7336JPur,RP4
7337Xsrf,OYd
7337YfyZ,FcL
7337lycf,T1w
7342fbYT,S8Y
7344qEpc,Ucw
7347PRTF,X17
7347wsnr,lFN
7348TThX,ZoR
7348UPYb,J2l
7351KDCr,r6H
7351TFoa,zki
7353GJnT,S8Y
7355rELK,ahb
7359SvdN,SFT
7359YbKK,jqo
7360Lair,LM0
7362Yatj,zki
7364oUBf,vh3
7365YWnV,dMV
7366shGc,T1w
7368JHfI,jxJ
7368VKYz,edH
7368pNNC,aBS
7370jyjt,dDU
7371Bxjr,SkD
7371ysDI,JZP
7372vUuk,T1w
7376IoUr,rlZ
7376jWsc,71P
7379fYRJ,1HI
7379fmcv,aBS
7381XIeX,dDU
7382JIgw,H2G
7382aEWi,Ig9
7382gKhb,Z0Z
7383JKxk,edH
7384nQqm,VsS
7387fIOf,rDw
7389evxO,iJK
7389pqiN,Fhc
7391gQJO,SkD
7392tXVt,YdU
7393OzSQ,NPX
7393vgQx,RP4
7396wAeT,h9O
7397aTsg,6XF
7397mtdQ,Z0Z
7398DXqB,WP8
7398LdUd,ZX2
7399vric,T1w
7400QoaA,VAW
7400zjUC,edH
7402mhuv,mti
7402tGCe,rlZ
7404jfhA,rDw
7406ITdP,ZoR
7406QVtf,VsS
7408ArQs,h9O
7408ZenW,YdU
7409oPiB,sTA
7415QpgS,J2l
7416lmGm,pIy
7417dxzN,iJK
7418JwQd,FJt
7421lWZI,eAR
7423kVxz,KXa
7425MfOU,T24
7427uSwP,eCK
7431fAUZ,X17
7433mHyE,5i0
7435Ffho,jFZ
7435RYkj,XVc
7435evBR,ttZ
7435szrz,iTN
7436QzNA,lFN
7438Evsi,1HI
7438XkHr,pIy
7438vtxz,SJs
7440XPSN,pIy
7441aQAN,gDW
7442AHJx,kyQ
7442lFWg,uLy
7443mDFL,Ig9
7444KuxW,Q3W
7445htpL,MLv
7447BcqL,OYd
7450BzTq,iJK
7450fDzJ,h9O
7450qlYR,1kJ
7451RDmF,50P
7451roHP,h5X
7451vnQt,edH
7455TXiN,orj
7458VHTo,h5X
7459AVCK,3vf
7459JYDr,rDw
7459uudJ,XVc
7460EHhb,RP4
7460rkSv,ZRe
7462Icgw,N9Z
7463UPvr,y9c
7468MTNN,uLy
7468agbL,h9O
7470SnKh,FcL
7474NXGZ,aV5
7475HlIU,SkD
7475Ucyj,ZRe
7477icaX,aYG
7480LOsV,aft
7483UucB,SJs
7486dGHG,995
7486dGQZ,ufu
7487hcfb,50P
7488FRZw,ZRe
7490CkWq,jqo
7490yQwq,jqo
7492aAup,vh3
7493jefr,OVq
7494HaXj,y9c
7497NrAN,H2G
7497grSL,6kh
7498bYpV,y9c
7499NKve,6kh
7499uEYz,X17
7501EYuv,RP4
7502CEJq,MLv
7502Yecz,y9c
7503JNGi,FcL
7503irHT,6kh
7503mTzI,J2l
7504MVOe,vh3
7505LoZq,Fhc
7506InNi,KXa
7507AsKK,bx0
7507KlVu,iJK
7507Ngjm,Q3W
7508qfMV,fly
7509Zrgo,QV1
7509aZjG,jFZ
7509iDWx,O8S
7509qiGW,WP8
7511EtNg,0d1
7511ikeW,vh3
7512XvNB,VsS
7514lWoX,1HI
7515GoSb,H7F
7520Qkkl,aBS
7520YIsj,jxJ
7521srPh,eAR
7522EmhL,eCK
7523nfiM,rDw
7524AyXQ,Lxg
7526eBnk,YdU
7528oklT,kyQ
7533XFFU,OYd
7536icfo,nl1
7542RhHZ,KXa
7544IFHq,ZX2
7544WjQK,FcL
7546BkII,dMV
7546ivFO,ImX
7547gqIn,kyQ
7548nfpy,6XF
7549mtDz,LTZ
7549omvp,rlZ
7550XFqf,ufu
7554VWYK,vh3
7555umjr,rlZ
7558MyEC,rDw
7559FtwQ,N9Z
7560oYyF,3vf
7561meGh,aft
7562ZwzP,aYG
7564dsCf,O8S
7565LGaO,dDU
7565hxHj,6XF
7566KYGy,SFT
7566ZlVD,XVc
7566kYpL,uLy
7568iYNz,SJs
7570NYwo,wN2
7571YwRv,FcL
7574OSSW,0d1
7575KWFL,H7F
7575MeRZ,fly
7577EEvU,SkD
7583nYsv,aV5
7585OxRY,jFZ
7585VeTI,1kJ
7586dlCJ,50P
7587EmXx,6kh
7587eAAu,3vf
7587rDrb,mti
7588BUic,1kJ
7588SXLG,gDW
7592JRci,1HI
7592aajL,VAW
7593VOLj,aYG
7595XCHI,mti
7603OYgL,JZP
7603lktS,nl1
7604XZKL,OYd
7606RhaW,T24
7607VbfD,ttZ
7610iZgH,nl1
7612UDTa,SJs
7613lOSJ,jxJ
7614EPmu,nX0
7614NOlV,orj
7616zmUe,edH
7620GIdq,sTA
7620ujcx,Irl
7621Lmuq,FcL
7621wIAX,Fhc
7623heej,jqo
7625BghN,IVr
7627wRoe,Ucw
7628fndO,orj
7633TYIV,Dlr
7635fIXf,vh3
7638VTNp,ZRe
7638bwtc,VAW
7643LgTD,S8Y
7643RBoC,LTZ
7643iRRb,S8Y
7644ImaX,ufu
7644mmpP,Otv
7644nbhk,nX0
7644wSdq,dDU
7645XvKL,O8S
7647HFfk,1HI
7648IMXz,LM0
7649uidJ,aft
7651sZds,vh3
7657EOgx,jxJ
7658SOmI,r6H
7659GovX,JZP
7663cfio,995
7664COKC,Q3W
7665YmuW,aV5
7668qPof,eCK
7669cJHF,WP8
7671tfhD,Q3W
7672XAmn,1kJ
7672jXPF,wN2
7673dAOi,aYG
7673lziH,FJt
7674XbLY,jxJ
7676cAIJ,OYd
7677aAmz,5i0
7677jBfe,VAW
7679iSJp,aCg
7681ucYl,vh3
7684YRuX,vID
7686nPGu,rlZ
7687NMHv,WP8
7687xAEs,nX0
7689RFeD,FJt
7690eZTM,LTZ
7692rYLg,OVq
7694vbOu,1HI
7695tGPI,bx0
7699ggdF,Lxg
7699ymyL,Ucw
7701zWyX,S8Y
7704pvjv,O8S
7705qXay,Fhc
7709qRsR,Ucw
7711iGBE,jxJ
7713FJdC,71P
7716QUZw,J2l
7716ksVE,Fhc
7717uMGe,T1w
7718nwhm,CMB
7719Gvvg,RP4
7719NqbS,YdU
7722EpFA,6XF
7722nFPz,h5X
7723VIDA,WP8
7725fDNH,aYG
7728VbON,MUk
7728wiXd,50P
7732caAh,RP4
7732nTba,5i0
7735JsQt,ImX
7741EBhH,1HI
7743sRZz,orj
7746xgvI,O8S
7749SmYw,50P
7749UEaZ,iTN
7750mZSU,KXa
7752JxgP,YdU
7752UkVj,aV5
7753UpuV,1kJ
7754fqPa,xvG
7755KzCo,rlZ
7755wJBO,ZoR
7756djdT,IVr
7758dbhB,rDw
7761dqYr,OVq
7763Bszo,zki
7764lNig,LTZ
7765DmnD,71P
7768XIUD,H7F
7768hWBu,H2G
7769NqEL,Z0Z
7771MqUi,SkD
7772gXIJ,ahb
7772kobB,OVq
7775MnWd,IVr
7776pZfR,uLy
7778oORO,eCK
7780DpKS,sTA
7780NFZY,eAR
7780hvkZ,VAW
7781gwMO,3vf
7784Cnvh,MUk
7784ZjtF,edH
7785RRnr,aBS
7785ZBpa,rDw
7786ypew,S8Y
7791BduH,lFN
7791Mgoa,aBS
7793oXev,Otv
7794AxAZ,Ig9
7795Roev,kyQ
7796oaGN,H7F
7796uSBD,FcL
7799vTcf,N9Z
7804udZz,T24
7805kmNk,wN2
7807RdFF,sTA
7807gdKu,iTN
7809tlcm,995
7812AAQm,ahb
7814ddhL,WP8
7814gDrR,XVc
7816Fkwa,y9c
7816sDtc,Lxg
7819xvyy,S8Y
7820Adgx,QV1
7820PUod,1HI
7822qPSz,aYG
7823ZAVe,MUk
7825IRay,OYd
7825rLdH,Dlr
7826hJkJ,SFT
7828JIQR,fly
7831NevY,ImX
7831pCMV,50P
7832gvEl,Ucw
7832ufIf,mti
7833uooG,aBS
7835ZrqM,bx0
7837zyAs,S8Y
7838BeKT,H7F
7838DArq,VAW
7838OYLv,mti
7842Cezo,gDW
7843StBj,Z0Z
7851swNM,edH
7853tdQv,fly
7853yWgy,LM0
7856iqPj,NPX
7857NBrg,CMB
7859Rphr,SFT
7860geFk,VAW
7860lXRr,wN2
7862KfAs,ZX2
7869eiSh,Z0Z
7873lqTh,dMV
7877tQLy,edH
7878SNrj,XVc
7882bRzO,T24
7882cuaP,J2l
7884gAQQ,NPX
7884ydxu,N9Z
7889GyYk,nX0
7890ujwZ,jqo
7892JjQX,aft
7892WXsG,995
7892sNOg,aCg
7894QbxK,wN2
7897TAVX,Ig9
7898XpNj,aCg
7898wRXG,X17
7902wxwd,IVr
7904QyyF,jqo
7905WmAc,Ig9
7908HBra,H7F
7908kVCF,Lxg
7910kCzr,h5X
7910lKQd,iTN
7910ubuz,995
7915IDdo,Z0Z
7915Syqx,S8Y
7918UCrj,LM0
7918nGnq,mti
7919Wvhk,h9O
7921gayG,Ucw
7922JjIl,iTN
7922SjcH,orj
7923kmVd,aV5
7925TvOD,995
7926EwJa,6XF
7926mTyr,zki
7927wNNH,iJK
7929qnWI,Z0Z
7930TBil,Dlr
7933uJAd,wN2
7934WWfZ,IVr
7934WYXI,aCg
7935YpGi,VsS
7937IikT,vh3
7937VERc,T1w
7938BTMI,SFT
7939aChR,3vf
7942RlDM,y9c
7942bLJd,vID
7942ptZr,0d1
7944zaUu,lFN
7947lCnT,MLv
7948VjtQ,LTZ
7949kGsU,1HI
7949kgFk,5i0
7950AlHR,NPX
7953Luvz,Lxg
7956opcP,rlZ
7957GXsk,OYd
7959JqoG,VAW
7959jhso,RP4
7959sIHF,T24
7961iFLs,LM0
7965kkep,1HI
7966ddzt,ImX
7966zoNC,zki
7968InKS,LM0
7968UGhx,QV1
7970peSV,WP8
7970rxmo,edH
7976GQwc,aYG
7976gBMe,1kJ
7976qeBA,IVr
7977ffuK,nl1
7979roSV,WP8
7980prcB,sTA
7983QvOm,Ig9
7984ZrWH,Ig9
7984fhgc,SkD
7984hisG,Ig9
7984xqbd,mti
7985uSsZ,Irl
7986ZVHW,dMV
7988kbVD,h5X
7990HhNg,N9Z
7994VXQK,0d1
7994nytA,JZP
7994pSwv,71P
7994rJXa,lFN
7997kJvz,NPX
7997kOeW,Ucw
7998QOGB,Dlr
7999olhV,zQJ
8001KHOs,rDw
8001fcyi,S8Y
8001oXUR,ZRe
8001ygxt,50P
8007GOGw,OYd
8008AFhZ,ahb
8008YdkH,5DO
8009ATXA,zki
8009VhNX,eCK
8009iySR,SJs
8010oZWf,iTN
8012PxRL,aV5
8013EwrQ,Ig9
8014aFUQ,Fhc
8014sjMN,LM0
8014wixo,h9O
8016ERNC,1kJ
8016QhDC,OVq
8016rzHq,VAW
8020xMfD,OYd
8021TsPW,zki
8021psma,GR9
8022mqzW,jxJ
8023fQfR,MUk
8024tRvD,71P
8025cMxz,1HI
8027fznS,vh3
8027pxzx,SkD
8029AEHI,J2l
8029cwUA,FcL
8032OEJE,aCg
8033zEIy,Otv
8034Fint,1HI
8034fUic,MUk
8034kUSI,fly
8035VTwq,T1w
8035vMdq,edH
8037aLzi,QV1
8038ktck,dDU
8045FJWb,5i0
8047jjgs,rlZ
8050SzbS,aft
8051TIjE,J2l
8051hXOH,T24
8053JNKJ,fly
8053mPOa,6XF
8053tGVP,dDU
8053wJkQ,rlZ
8056PHch,nl1
8056UEyh,YdU
8057tykz,aBS
8060gFAG,5i0
8060klDN,Irl
8063HWhG,N9Z
8063gtMk,LTZ
8064LVCo,LM0
8066ZYYo,GR9
8067UWGA,eCK
8075tZkm,XVc
8076Toax,GR9
8077dnXP,VAW
8079oFJM,5i0
8082LdYu,jFZ
8082lSeV,nX0
8083BvPm,RP4
8083EjKQ,vID
8085LCCm,6kh
8085WJlQ,aCg
8085lvOU,zQJ
8087pxUT,X17
8087uIlY,ZoR
8092ZOpi,ZoR
8094kFja,Lxg
8095shMS,LTZ
8097Gkwt,FJt
8098hRXQ,N9Z
8100ImQi,pIy
8103IdSY,jqo
8103nLSL,RP4
8103otCU,Q3W
8108ELpN,NPX
8110Bawb,eCK
8110wssU,nl1
8112DVsg,T1w
8112NvCK,MUk
8112eotH,SJs
8113bSfR,dMV
8124NpNK,H2G
8124uYlN,JZP
8126hCGD,zQJ
8129HbCV,WP8
8132WgWX,ZoR
8132Ytog,uLy
8138jNyk,WP8
8140nhLS,GR9
8141ZsZz,6kh
8141ejpd,6XF
8142Ofsa,pIy
8143ewrn,Yi3
8143fkaP,wN2
8144nnvj,aBS
8144sxEt,Lxg
8145Fnfx,aV5
8145erIr,ttZ
8146MEdV,FcL
8148YqFc,NPX
8149eNjN,Otv
8151BMRH,995
8151RLaI,N9Z
8151YDsE,H2G
8151tyas,LM0
8152fQnV,Fhc
8152zzBQ,995
8155QdjS,JZP
8155qzpD,ImX
8155tVxL,iJK
8157rOqg,KXa
8158JfUG,Q3W
8158SOEt,VAW
8159ruDb,dDU
8162KvUS,wN2
8166hmtD,ufu
8167dkUl,IVr
8169fpKW,Otv
8170AZOA,aBS
8170CMFI,0d1
8170GRQm,uLy
8170Yxgs,Q3W
8171ILYc,eCK
8172EONT,rlZ
8173lCPm,SkD
8173nYOe,xvG
8174aPcl,pIy
8176pZAG,CMB
8178GHhR,1HI
8178GhLq,CMB
8178kwaj,rDw
8178tmde,JZP
8179cEEN,5i0
8182HGug,1HI
8182LUMY,6XF
8184CLSN,0d1
8184xVyQ,aYG
8185TlNk,T24
8188QzIQ,RP4
8191SNEa,VAW
8192gaUU,995
8194Icar,h9O
8194Lufn,995
8194Zuik,0d1
8196pROD,xvG
8202Eads,zki
8202bYIS,RP4
8205NLSI,xvG
8213JNiw,J2l
8213JOrZ,SkD
8213mPzD,Irl
8215EuuT,LM0
8218PLCQ,IVr
8219clbc,zQJ
8221gwOU,fly
8221opkb,FcL
8229iKGF,aft
8231wjoI,Lxg
8234qidj,LTZ
8235isEu,Ig9
8236iQUU,ZRe
8239nsXq,JZP
8241ykxy,mti
8242xpyM,Q3W
8243TiQU,jqo
8243xkvs,eCK
8245PrHM,eCK
8247eMsC,KXa
8248meoo,uLy
8249LFMU,fly
8249TSFe,SkD
8249ghZu,X17
8251DIRw,sTA
8252dRRh,IVr
8252gvrp,50P
8253WsZS,71P
8253gbSr,orj
8257YrUF,O8S
8258vLlg,FJt
8262UTtU,ufu
8263NDKb,h5X
8265DlID,rlZ
8265SUUS,1HI
8265cHBe,QV1
8265fAIc,5i0
8265fBiZ,ZoR
8266BnVA,aBS
8269fMAm,vh3
8270njyg,eCK
8272liEb,NPX
8272yrtG,ttZ
8275nZxH,H2G
8276bMAE,Z0Z
8276tEVy,vh3
8278ygNt,ZoR
8279sYMJ,ImX
8281hnMh,T1w
8290dWbh,H7F
8290rNVW,nX0
8296HfrU,rDw
8296JtBl,dMV
8298moFb,VAW
8299MHFY,FcL
8299mrPh,vID
8300GTUL,ZRe
8300vTPG,aCg
8302wFpX,Dlr
8305rnVe,mti
8305xRgN,Ig9
8308GcFO,SJs
8311bSXc,eAR
8312JhDl,5DO
8313dcYZ,JZP
8315BZwu,SJs
8316Yost,aCg
8316ooQl,RP4
8318TyBg,3vf
8325Oiin,FcL
8328oJmS,iTN
8329dVSW,1HI
8330yRMg,r6H
8331lErI,Fhc
8331slBs,H2G
8334CxPW,vh3
8337kpLI,RP4
8340wYsh,JZP
8342ESok,6kh
8346VQGX,LTZ
8349DDbh,sTA
8351GGBg,nX0
8351weAU,jFZ
8352XRWO,LM0
8354Bxtx,3vf
8354LWFF,Ig9
8359EJJI,y9c
8359izeO,aV5
8360mSye,FJt
8361soRJ,MUk
8366bEFe,xvG
8367CnEp,J2l
8368BoNf,zQJ
8368Tuaa,iJK
8368hHSA,OYd
8370STlK,fly
8370aEXX,zQJ
8373EDMo,MLv
8378Dnyb,RP4
8378VRzt,zki
8378yvYn,VsS
8381Vxwv,YdU
8384OXav,h5X
8384mjHc,iJK
8386bhCc,J2l
8387LGPZ,dDU
8391ADLd,GR9
8392qLcQ,rDw
8394GyTd,Lxg
8395vhji,OVq
8396UIHu,H2G
8400dkLr,H7F
8400gbqC,YdU
8403LwtI,pIy
8403hlUb,zQJ
8406gTrz,995
8407QKkZ,1HI
8407zQAG,N9Z
8408VnTe,0d1
8408byiQ,T24
8410QOqs,FJt
8410xOgf,jFZ
8414aQkp,SkD
8416WGVH,wN2
8416klwB,T1w
8417daco,VAW
8421yGva,3vf
8423hbYv,MUk
8428RLsE,MUk
8429HFGq,1HI
8431uhPt,5DO
8432vaUa,dDU
8435LCRJ,jFZ
8435rRQB,bx0
8437QmbV,aV5
8438Aurz,h9O
8440VGrN,CMB
8440ZJps,QV1
8440jNMB,Ig9
8442mGvW,aft
8443lAFd,aBS
8446RliI,vh3
8447BWCN,JZP
8447QRTX,5DO
8450rSnW,T24
8451Shkk,iJK
8451uWBo,RP4
8453ZNkG,SJs
8455QHEc,dDU
8455ptnI,aYG
8457HUJv,XVc
8457ZfZL,OVq
8458GOSY,S8Y
8458pzYV,nX0
8459JlTv,aYG
8459lvRm,y9c
8461lhdY,Q3W
8464GHMv,SkD
8468HrqA,ZRe
8471nQRM,bx0
8472fPWP,RP4
8472zTQi,Otv
8474TKzU,S8Y
8475HAlV,ahb
8477jfxk,OVq
8477uxnn,O8S
8479kNuj,Otv
8481hTsi,MUk
8483Epxv,6kh
8483RIqc,Q3W
8483iMSa,Q3W
8484JfmP,jFZ
8486UADo,ufu
8486UMdq,FcL
8487vKUg,vID
8488dkUg,wN2
8490NcZf,jxJ
8491HRIM,CMB
8491SieI,eAR
8492zTjt,GR9
8494tuhN,vh3
8494wiiT,h9O
8495UGkw,H2G
8495utPX,nl1
8496juzG,3vf
8496rfAV,GR9
8499AsPV,N9Z
8504FRmv,lFN
8506SyWC,uLy
8511cDXe,aBS
8511fmLW,lFN
8511lGHV,ZX2
8512nFnQ,pIy
8514WBbF,jqo
8514dfbO,5DO
8519aWhK,bx0
8521TrIC,995
8522Mdws,Z0Z
8523NodF,aCg
8524tWpy,zki
8527MalA,YdU
8527YyHD,sTA
8527yNIP,IVr
8529uSkG,QV1
8532DzHQ,JZP
8532qGoF,1kJ
8533PsLJ,kyQ
8533yVqx,XVc
8536PNYs,rlZ
8536Wnuu,VAW
8537GthJ,mti
8539QmOh,Yi3
8539lQoR,ImX
8541Lszw,vID
8543gEud,ZX2
8544JyPZ,SFT
8544Ubzb,wN2
8544bzZj,T1w
8545CWtJ,H7F
8548tSKE,J2l
8548uCBb,N9Z
8548yYEq,FJt
8550EVMK,5DO
8550yMbf,Lxg
8551vtEW,NPX
8552NmDd,Q3W
8552OrkJ,jFZ
8554AzOA,dDU
8554Dbrw,lFN
8555DuZJ,fly
8556Dcqm,N9Z
8556WDuB,aV5
8559guqb,LM0
8562MqNI,OYd
8562RfDa,Dlr
8563Ahjs,SJs
8564LNnx,nX0
8564bCWi,fly
8567MqNe,ahb
8567lNFS,y9c
8567oEGT,edH
8568Titb,fly
8569xqjt,nl1
8570NOJx,MLv
8571fCtc,6XF
8572mBTf,nX0
8572rvgs,6XF
8572xsCX,Fhc
8573HTHR,gDW
8574OXgJ,iTN
8575jaKs,YdU
8576KEDz,IVr
8576sEfK,5DO
8577PKyJ,rlZ
8577SwPa,sTA
8581bwUb,aBS
8581mtiE,kyQ
8584jQwK,QV1
8585LnrQ,MLv
8585WUVm,SFT
8585jcYH,6kh
8585wJEa,YdU
8586dJQB,VsS
8586gdID,iJK
8586pkve,995
8587pfpl,Fhc
8591kYuB,SkD
8592DYAr,3vf
8593FpEO,ahb
8596rYYp,h5X
8598NqOg,aBS
8598scbo,pIy
8600Dvdm,nX0
8601uGca,mti
8603RJBb,FcL
8604eFuD,dDU
8604idwN,eCK
8604lpog,Ig9
8604yhjD,fly
8605pEgs,1HI
8609WCxn,orj
8609kMbz,LTZ
8613LQjl,sTA
8613OXYx,Irl
8614brXx,h5X
8615vyTV,H7F
8617ZPqq,WP8
8621RuMa,Fhc
8622fSkk,RP4
8626dfLs,YdU
8627VAvG,Z0Z
8627ZSmm,orj
8629QFdp,vID
8629feas,dMV
8630tfdO,6XF
8631dSha,Z0Z
8632LfXp,YdU
8632RBbX,MUk
8632lWYG,S8Y
8635SiHz,Ig9
8635pzzR,wN2
8638Qlup,RP4
8639SmLJ,6XF
8639hxqC,Yi3
8639qgcc,X17
8641EFcX,FJt
8641tobm,Yi3
8645zdGd,aBS
8646lPTh,kyQ
8647RGhj,VsS
8649DDFl,nX0
8650cqNL,wN2
8656yAgE,N9Z
8658pvuO,bx0
8662EKCY,T1w
8663PqBN,CMB
8664JeqS,nl1
8664fUSc,mti
8666YPfE,ttZ
8667LPex,Otv
8669AUcY,vID
8672OrjE,xvG
8673AyMi,sTA
8673KgPu,XVc
8674DIQV,orj
8674ScoA,eCK
8674Wfnd,gDW
8677djXb,H2G
8677kIva,FJt
8678iwRX,Lxg
8680xWIM,3vf
8684HmLv,gDW
8687ZQqs,rlZ
8688IslQ,ufu
8689wmiD,ZX2
8690TGYi,MLv
8692ewMR,5DO
8692pTFO,T1w
8693xPIr,CMB
8695mwyq,nl1
8697YuFO,dMV
8697osyL,GR9
8698ogja,rlZ
8704xsPa,ttZ
8706cOXk,nX0
8706qWLq,YdU
8710Hbbv,Fhc
8711OzxA,jqo
8711qDYJ,JZP
8713ZTty,S8Y
8713yzYL,xvG
8714IjCx,Yi3
8714JWuG,O8S
8715icbh,Q3W
8717UQrm,Otv
8717bHZg,XVc
8718mKgc,aCg
8719UfJf,bx0
8719yALQ,X17
8720HjSu,h9O
8720WXhr,zQJ
8720dzJk,MLv
8725hKPd,vh3
8727nOmD,zQJ
8728GeUm,RP4
8732xmHF,iTN
8736Ggzo,J2l
8736zlbj,KXa
8738jgoQ,XVc
8740oVLi,6kh
8743iVho,Irl
8744qAND,5i0
8746FHHs,iTN
8746ujWA,SJs
8747UETi,jqo
8748oMwr,h9O
8748vbCN,ahb
8749Ibmr,GR9
8751hUEG,aft
8756nQtT,FJt
8757glJO,rDw
8758SNEp,OVq
8761EpZj,6kh
8761nEhv,IVr
8762DaGF,Yi3
8762NXHj,VsS
8762TRxZ,MLv
8763OjVH,KXa
8764Lhio,N9Z
8768Rgdu,T24
8768rRQH,MLv
8774Tfya,N9Z
8774wHwe,NPX
8776fEEN,T1w
8776oSMk,MUk
8777oUmV,ufu
8778EOep,SJs
8782CuGt,OVq
8782uati,1kJ
8784nhnm,y9c
8788QoGs,J2l
8789Bybn,995
8789rUcy,Z0Z
8790jnoA,MUk
8791FZYl,ZRe
8793ngFk,WP8
8793qBRz,uLy
8793rbBE,aBS
8798OtRY,Lxg
8799SCzK,jFZ
8801edLp,orj
8802xzvy,uLy
8807ZgYk,uLy
8807rScA,iTN
8810reIS,ZoR
8812fcHh,FJt
8814UXrS,iJK
8815FyCE,5i0
8815smGV,jqo
8816Phxv,RP4
8823TlzL,YdU
8826VgLq,ttZ
8826svMf,CMB
8828AvLF,O8S
8830ZLUG,Lxg
8832ULaS,Yi3
8832eMTU,ZRe
8833FonG,sTA
8835OdjK,Ucw
8835RjgK,dDU
8837eOJN,QV1
8838AsXp,50P
8838usUV,gDW
8839ICqN,VsS
8840iOcI,1HI
8842HCJo,sTA
8846ElSY,edH
8849pFLs,iJK
8850WJSH,OYd
8854SVeF,JZP
8855jaYO,FcL
8855yaEM,aYG
8856rNHL,h9O
8857DSmv,fly
8857OGWD,lFN
8857aUlF,71P
8857oBSN,iJK
8859PWyY,71P
8862QZXx,nl1
8862ulgG,ahb
8862wGgy,zQJ
8863JNOd,H7F
8865HUCu,aV5
8866gRtU,fly
8866hliF,H7F
8867VTcO,SFT
8868jWaZ,VsS
8868zhBp,Ucw
8869gmTS,NPX
8870IPzw,Yi3
8871Vuvj,QV1
8872MYwj,X17
8872okkX,jxJ
8873buzm,T1w
8874xRfO,5i0
8875FbVO,Lxg
8877tMhc,JZP
8878BAgD,NPX
8878PypN,aft
8879ajdI,KXa
8881ZJBk,T1w
8881zBZQ,Ig9
8897koGp,OYd
8897lPYl,zki
8901ceiC,Ucw
8907bSwL,OVq
8907jmrw,VAW
8912gVbX,MLv
8912sDun,J2l
8913kcFk,Ig9
8914AJXm,vID
8914BlLV,kyQ
8915WZjy,71P
8915cAdZ,ZRe
8915ggCF,Fhc
8918wFMo,CMB
8918wsdy,r6H
8920RBpF,SkD
8920ZRsv,rlZ
8921jRow,vID
8923ppWX,6kh
8925PPSW,sTA
8925xazV,orj
8927vcTI,CMB
8930sNMm,lFN
8930zCxi,Ucw
8933jWEW,rDw
8933jgrc,aBS
8934jRjS,N9Z
8936nxPL,jxJ
8938JwPK,mti
8939IYSa,Z0Z
8941OLlO,Q3W
8941Rura,ZX2
8942DYZb,sTA
8945ywrD,5i0
8946CSSq,vID
8950Qniu,Otv
8951HlzH,S8Y
8953ZrUh,ahb
8953ouCr,YdU
8956Egqr,aBS
8959eJWA,KXa
8959uvpQ,jqo
8963OoXX,GR9
8963jRWr,IVr
8964NkOu,6XF
8964srZL,dMV
8965VAlw,QV1
8969SiqM,aCg
8969xtcV,Irl
8970yGPz,nX0
8972HPJh,RP4
8973ifTG,ZX2
8974dhIi,lFN
8975LGQo,r6H
8977ioQP,T24
8977pdxd,H2G
8979KGbT,WP8
8979aCBS,995
8980CmGm,T1w
8984AUVy,T1w
8988KEgJ,eAR
8996TSqE,Ig9
8996sgbp,sTA
8997GIci,SFT
9000BDCZ,RP4
9000DIPH,xvG
9001YJyn,aV5
9002Lcen,eAR
9002YSrw,nX0
9005pRPV,ahb
9006nKcp,ZoR
9008Iklw,QV1
9008VVAP,ImX
9011MxXi,995
9012Slqv,WP8
9012vwHh,Ucw
9014tlbR,XVc
9015YlFe,FJt
9015qpJQ,H2G
9016QswH,ZX2
9017oQyV,SFT
9019QRsB,SkD
9020sGfg,MLv
9021JGeD,ZX2
9021Ttrq,dMV
9022ZDmA,WP8
9023nUxt,jxJ
9026uCvN,jFZ
9028QYza,XVc
9035VxdD,y9c
9037gxCv,aV5
9037xGTF,SJs
9038DdYg,Z0Z
9038uEJj,995
9039QbNG,WP8
9042Ijsm,eAR
9042Nlqh,Z0Z
9043zaRn,3vf
9044iptq,Z0Z
9046QEvr,FcL
9048IxtK,Q3W
9048cRjV,ufu
9052abOu,71P
9053AeFe,aYG
9054Gflq,rlZ
9054UAsg,iJK
9056dllY,Yi3
9057qgSM,xvG
9061gVdt,1HI
9062WCCQ,orj
9062WQKv,T24
9065FtPa,pIy
9066BFIo,N9Z
9066OCUA,CMB
9067Myzw,orj
9069HLiz,mti
9069gKES,mti
9069mFPH,dDU
9070OmfC,NPX
9070zqfE,h5X
9071KMPG,aCg
9071ZIgT,orj
9071jEgo,aft
9071kOJT,jqo
9074XSCA,LM0
9076CLsG,rDw
9076RXsQ,J2l
9076VIII,MLv
9084QBHj,Ig9
9088jncQ,Otv
9090ikor,T1w
9097dmUW,YdU
9102NsHb,GR9
9103oxDj,eAR
9105gvOF,Z0Z
9107kmSS,50P
9109pBKN,gDW
9112BUra,ZoR
9113HnoT,J2l
9113xtlr,N9Z
9114pnDa,3vf
9116cSoN,aYG
9116nnmV,FcL
9117MjVH,S8Y
9119ykjB,jFZ
9122jwkd,71P
9124TdFb,QV1
9124YYnf,vh3
9125KucZ,r6H
9127ndNH,eAR
9128ZwqB,r6H
9129LybV,jqo
9133IaML,Ucw
9133xeKI,OVq
9136ogDy,eCK
9137ymGo,0d1
9138vnjH,zQJ
9142npxg,VsS
9142sCif,YdU
9143BbdT,ImX
9143Hysb,6XF
9144cHcr,OYd
9147MGYR,995
9147dNmP,ZRe
9150rvpo,X17
9154jjxk,GR9
9156ZRfH,MLv
9157zEEL,GR9
9158tfYA,ttZ
9160RdKW,H2G
9161oSLW,vh3
9163HiUH,Yi3
9164FIiG,T24
9169sGsa,mti
9170JPVR,ttZ
9171InyT,Ucw
9173bbnZ,Ucw
9177EnQD,FcL
9187QLCI,Ucw
9190cJaz,ttZ
9190wMKH,3vf
9193qSEV,eCK
9197HNQi,aft
9197cBYb,lFN
9198dXpe,pIy
9200LIHw,vh3
9200RKLv,dMV
9201WtUN,T1w
9207IIoV,O8S
9208GLxa,0d1
9208Kanq,vID
9214LTPw,50P
9214PEfP,edH
9215kfJT,MUk
9215sMmK,jFZ
9216yGGt,ZX2
9217fCwe,sTA
9218DySK,gDW
9218GYww,T24
9221VqJx,sTA
9223hEkR,iTN
9226GDyI,wN2
9227VLbu,pIy
9228jftX,OVq
9230Uilj,vh3
9232CzkH,lFN
9235JjRU,mti
9235KVmt,VAW
9236TFQY,Otv
9238RWVQ,WP8
9239Dwhc,vID
9241finr,Q3W
9242wFux,ZRe
9246dXSu,Otv
9247cWmH,X17
9248cuof,Fhc
9253jbkh,ttZ
9254geOA,bx0
9254vROD,T1w
9255asrb,3vf
9256SMlK,XVc
9258dqOY,jqo
9259XGWB,aV5
9259tyGL,jFZ
9260ikVG,dMV
9261nOCu,WP8
9262xiVZ,GR9
9263SMEj,aft
9264MBCs,N9Z
9265HRlr,eAR
9265JDwQ,ZX2
9267ZcXe,nX0
9272JzXT,iJK
9273OxGh,Lxg
9273ZYwc,Ucw
9274hSbb,h5X
9274zfTD,dMV
9276BiSy,995
9276PvlQ,aCg
9277MBhg,KXa
9279mQrb,Q3W
9280FgiC,xvG
9280ocQB,71P
9280uGhK,ufu
9281dnWy,QV1
9287rucr,NPX
9291FvkC,3vf
9292Hwnl,VAW
9292bZtr,KXa
9293AEHR,6XF
9293FTwc,sTA
9294uIWS,zQJ
9295rloj,Z0Z
9296BolA,kyQ
9299NPVS,h9O
9299sxJw,gDW
9302wNAg,aft
9304nVQW,y9c
9306aloH,ZoR
9311DiMf,eAR
9311qOLE,RP4
9314ojRp,H2G
9315TDmX,Otv
9315VXIH,ZoR
9315wZuH,LTZ
9316OuUv,uLy
9317bcaJ,h5X
9318Xehj,Dlr
9319VGBR,MLv
9322MLlE,rlZ
9322kGeN,jqo
9325YPzE,ZRe
9327Ovyt,WP8
9328JLDw,y9c
9328tHEK,SJs
9329MHqe,y9c
9331nfgG,bx0
9331qSZL,O8S
9333Snrk,SFT
9334XhgA,X17
9336qsLC,eAR
9337eCLb,fly
9337moZv,uLy
9338PyTI,eAR
9338yOVp,1HI
9340tnNc,nX0
9340vvAt,MUk
9340wNOb,1kJ
9341mCCZ,Q3W
9342aDgQ,FcL
9342bQMw,VsS
9347vURR,995
9350LWED,ufu
9351HEZX,Lxg
9351xbQV,Otv
9353kjDj,OVq
9354HfEu,vID
9354stOQ,ahb
9356Hgnn,vID
9356druk,y9c
9356ittw,JZP
9357EVBB,iTN
9357KQyy,pIy
9357OzKf,xvG
9358WBqr,Ucw
9358yQaR,5i0
9361BPEh,H2G
9361DEpV,SJs
9364LDgC,T1w
9366aAae,edH
9368WblY,LTZ
9368iZAd,XVc
9368zGFV,kyQ
9370ZouR,Z0Z
9370apVz,vh3
9370yPmG,Z0Z
9371IVSc,nX0
9372LbyN,eAR
9376Dffv,N9Z
9376ShrC,Lxg
9376zwqs,VAW
9377TPII,pIy
9381vfVK,FJt
9384sDJG,KXa
9388Qcwy,Yi3
9390ihlQ,iJK
9391Iytx,iTN
9393YulI,OVq
9394TzzE,eAR
9397kXXA,H7F
9401LVEA,Irl
9401kCFQ,71P
9404EEqO,Ucw
9407icBy,Yi3
9408XsFA,jqo
9408arYq,uLy
9412nRLE,O8S
9413hoaX,aBS
9415Xpvk,aBS
9416rcwu,lFN
9417ICkx,jFZ
9418iRmG,3vf
9423grdn,O8S
9423jipr,FJt
9426yUef,MUk
9431kgFS,ImX
9435WpRZ,rlZ
9435nHEX,rDw
9435zDbJ,ImX
9436WQOJ,ZoR
9436YSuo,SkD
9436ZOfE,995
9438OEuJ,1kJ
9439TlUr,dMV
9439kLZy,N9Z
9439waUO,h5X
9440pAVR,y9c
9442UkWH,O8S
9442gkIk,WP8
9442xiiR,SkD
9444TYZs,S8Y
9445iXbS,Yi3
9449agxN,r6H
9449pJyB,h5X
9451icvY,H7F
9451rDia,50P
9452HJXC,rlZ
9452ooUy,H2G
9453GEWi,S8Y
9453SpYV,iTN
9457MJBn,KXa
9459UqiI,MUk
9459XvkQ,xvG
9460UfCk,mti
9462HLjs,LM0
9465BQAz,0d1
9466voYl,Ucw
9470AfAV,FcL
9473FIOV,LM0
9475gTKp,ZRe
9481tFyD,X17
9482gtmA,NPX
9483rAjs,CMB
9486gzqb,CMB
9488IKyQ,JZP
9489AfoD,aBS
9489SarN,995
9490OHgb,jxJ
9492oNeW,S8Y
9493CIMv,OYd
9494BpKK,h5X
9495RqNT,Fhc
9498zLwQ,Otv
9499TdiI,xvG
9502fApn,CMB
9504GnJw,ttZ
9504SaWK,zQJ
9504Ucar,J2l
9507heJk,aYG
9509oosi,Fhc
9511HeTZ,JZP
9511oRiC,bx0
9512bzoa,dDU
9512wuXM,y9c
9513KXdQ,ZX2
9513lGCW,1kJ
9515HDfY,ahb
9515OmFE,aBS
9517iSOu,ttZ
9519agcy,Ig9
9520kaEM,Irl
9523ILtA,eAR
9526PihI,nX0
9526YyQd,bx0
9527xWox,5DO
9528PZnm,LM0
9529DING,995
9529dmtu,vh3
9534XQEx,jxJ
9536DEAo,1kJ
9541xdts,SJs
9542FteX,Yi3
9543jmdM,ZX2
9544jzpM,eCK
9544pRdN,eCK
9545HDJx,Ig9
9546tfrD,zQJ
9548Qqjo,FJt
9548xfhv,H7F
9549MDiL,Otv
9549hJOq,dDU
9551Dona,Yi3
9552gnsC,iJK
9553tDgQ,O8S
9555hcsV,vID
9555kVJW,VAW
9556sLry,gDW
9556sszg,rlZ
9556weAQ,FcL
9558VpUt,aft
9559Lgvi,jFZ
9560SANM,aft
9566yGxz,YdU
9567LFfG,h5X
9570OqCs,Irl
9572xtHn,IVr
9573Incd,LTZ
9573lpDF,iTN
9573okzF,FJt
9575CURP,IVr
9576Sjms,xvG
9578NIaG,h5X
9583oANR,1HI
9584JZaS,FJt
9585JlRO,gDW
9587nFaM,995
9592mYSj,h5X
9593aujl,Otv
9597GSQG,VsS
9605leCC,ZoR
9605zvgB,lFN
9606JoOv,nl1
9608vZma,WP8
9612fnmm,5DO
9625meBA,VsS
9626uODK,H2G
9627MYlN,fly
9627SZCf,1HI
9630JSGe,dDU
9630MbBF,Yi3
9630odHF,FJt
9632BYWx,O8S
9633CCGp,H2G
9633yeGb,SkD
9634qNTh,Q3W
9636QvMk,LM0
9639Obon,6kh
9641QjQz,wN2
9641sZdg,aft
9645foNb,orj
9647GLJH,ZRe
9647NCMd,JZP
9648OsKE,nX0
9648dXJt,nl1
9648kmsD,T24
9650jmkV,1HI
9651WrnJ,6XF
9651cwOi,ttZ
9652cGhh,6kh
9652fsrQ,nX0
9653mgHe,JZP
9653qnWA,aCg
9654zpMJ,6kh
9655QbqA,mti
9657evVj,Q3W
9658oMMD,995
9660iqyb,H7F
9669cTzh,Yi3
9669rteY,nX0
9675IcsT,h5X
9676MVRV,YdU
9676jWso,IVr
9678hKIj,LTZ
9678vioS,Dlr
9682VTcS,XVc
9682pITz,zQJ
9685bbga,ZX2
9690wfRO,OVq
9691dMrJ,RP4
9692BUww,6XF
9694fIcM,XVc
9695tNsj,aBS
9696NgUI,MLv
9700RKgk,Ucw
9701PocU,H2G
9701regI,CMB
9702NHbd,eAR
9703OdbP,aBS
9703xxOq,SJs
9705Npif,nX0
9707FJmW,ahb
9711QeZw,ZX2
9715hfKO,VsS
9717KFJD,H7F
9717rubZ,Dlr
9718LdRX,ZRe
9729cbHz,RP4
9730HnLW,3vf
9730ZeoN,VAW
9733nnQs,nl1
9733pVTM,OVq
9733xdSv,0d1
9734DnhS,jFZ
9739rBwo,Q3W
9739vBvn,jFZ
9739xmSN,SJs
9744YPOT,VsS
9745wPGD,3vf
9751nvJA,O8S
9752KkBg,LTZ
9753QsiZ,OYd
9754UUBA,995
9754wexz,Dlr
9758RVcX,vh3
9760aUkZ,LTZ
9760sEhO,H2G
9761ZDhM,WP8
9762fSgo,aYG
9766iDui,nX0
9768UBQz,rlZ
9771bclR,995
9772erKy,KXa
9773iqwQ,edH
9777KBDL,SJs
9778ODJe,Irl
9778sFCS,jFZ
9779mFUK,VsS
9780uebn,orj
9781gXjC,Otv
9781yLmv,5DO
9782PRcv,nX0
9784Ubvt,LTZ
9786dGzD,LM0
9786kMme,50P
9787csfR,ImX
9788MzkQ,T24
9789dMiW,WP8
9791Uizu,O8S
9791hAVe,J2l
9793FiAy,S8Y
9793gThq,1HI
9798mbrG,MLv
9802SIhm,VAW
9803KOlo,SkD
9806FUZY,JZP
9806QCPu,N9Z
9808BkqX,Fhc
9810lylu,wN2
9810ziwW,O8S
9812nlsp,H7F
9816ZMrw,jqo
9818iZke,dDU
9820Utec,QV1
9820qyCr,6XF
9821ZPIP,H7F
9821bTRR,zQJ
9822BDuH,FJt
9822Qmlh,aV5
9822UwMs,aCg
9826NlBU,bx0
9827lHpM,OYd
9828esBL,VAW
9833BgHV,dDU
9834PUOt,Ig9
9835kIaL,lFN
9837oqaF,O8S
9840OCyp,T1w
9840cCfJ,IVr
9852Lrqf,nl1
9853aOOO,uLy
9856hlwR,dMV
9857GBQN,aV5
9857ucac,zQJ
9862MpAM,Otv
9862UBWz,Ucw
9864RobH,zki
9867Iztt,nl1
9871CiMe,ZoR
9877eUOQ,995
9878Kgfw,T1w
9881QRnH,edH
9882EGwJ,6XF
9882XrKG,IVr
9882nBHo,mti
9884SBlX,ImX
9889xeRm,zki
9890DyVP,zki
9891urFY,1HI
9892ihjs,LTZ
9896WtiZ,LM0
9896gBsf,1kJ
9899rTBo,LTZ
9901QlkA,wN2
9902lUcP,VAW
9903YUdR,FJt
9905HeMY,VAW
9912izGW,YdU
9913HSxC,VAW
9913qtaC,Ucw
9914fjWJ,NPX
9916Hypa,ttZ
9917vYht,aYG
9917yzit,YdU
9918tEwW,edH
9919SIXp,ImX
9921iJgL,WP8
9922ytss,KXa
9923gvmD,MUk
9924XOLS,Fhc
9926YPSa,h5X
9929LZxE,jFZ
9934HiUD,VsS
9934qWeo,FJt
9936OTTs,H7F
9936VdBw,QV1
9938OpRf,fly
9941Vfxp,JZP
9943TYCq,Dlr
9944Aolb,bx0
9946xOlK,lFN
9947JNYc,iTN
9948uxKi,pIy
9949qchh,nl1
9952WIuj,T24
9953JWFW,0d1
9954NtkK,Irl
9954qqLO,JZP
9956dreo,MLv
9957VxCm,FJt
9960xFXk,ufu
9962WgIH,3vf
9962yqdR,S8Y
9964xvMS,h5X
9967gBbX,aft
9968FuZf,5i0
9970NKoL,FcL
9971SCJw,QV1
9971oGpD,aBS
9974tOlX,MLv
9976USlI,T1w
9976obAo,jFZ
9977tjNd,edH
9979wDXS,nl1
9980yKHD,SFT
9985OKQH,eCK
9985llJO,VsS
9985xkHS,xvG
9987jPAL,T24
9988xXSQ,Irl
9992YwoA,ZoR
9992ecvu,xvG
9992niZm,Irl
9993FPKE,Yi3
9993qOMV,SFT
9994BGxG,jqo
9994cZar,6kh
9994cfXq,LM0
9996yRhT,Ig9
